0.777,0.552,1.826,0.134
1.013,0.477,1.189,0.898
1.197,0.484,0.866,0.463
1.25,0.482,1.753,0.805
1.536,0.49,1.61,0.78
1.325,0.434,0.544,0.854
0.777,0.552,1.67,0.385
0.777,0.552,0.039,0.852
1.594,0.368,1.738,0.859
0.777,0.552,1.837,0.057
1.013,0.477,0.263,0.254
0.777,0.552,1.712,0.299
1.013,0.477,1.605,0.793
0.777,0.553,1.196,0.818
0.777,0.552,0.806,0.264
1.289,0.268,0.332,0.282
1.801,0.542,1.899,0.094
0.777,0.552,1.714,0.855
1.325,0.434,1.913,0.414
1.901,0.597,1.146,0.916
1.013,0.477,1.051,0.945
0.497,0.752,1.595,0.405
0.777,0.552,0.558,0.301
1.536,0.49,0.532,0.108
1.325,0.434,1.01,0.882
1.325,0.434,0.948,0.334
1.325,0.434,0.196,0.605
0.858,0.416,0.566,0.653
0.777,0.552,0.87,0.866
1.197,0.484,0.819,0.062
1.515,0.427,1.89,0.179
1.013,0.477,0.244,0.149
1.325,0.434,0.48,0.838
1.325,0.434,0.796,0.01
1.013,0.477,0.89,0.076
1.013,0.477,1.21,0.024
1.325,0.434,1.759,0.924
0.777,0.552,1.312,0.332
1.325,0.434,1.394,0.263
1.232,0.659,1.653,0.556
1.325,0.434,0.071,0.428
1.325,0.434,1.013,0.792
1.013,0.477,0.58,0.038
1.325,0.434,0.621,0.618
1.013,0.477,0.072,0.341
1.325,0.434,0.511,0.241
1.325,0.434,0.549,0.704
1.197,0.484,0.612,0.199
0.777,0.552,0.442,0.011
1.594,0.368,1.827,0.313
0.777,0.552,1.785,0.899
1.325,0.434,0.331,0.274
1.013,0.477,0.339,0.867
1.325,0.434,0.436,0.489
1.764,0.404,0.928,0.881
0.704,0.073,1.383,0.658
0.777,0.552,1.361,0.12
1.013,0.477,0.611,0.161
1.899,0.394,1.185,0.092
1.325,0.434,0.543,0.811
1.013,0.477,1.738,0.443
1.013,0.477,1.206,0.775
0.503,0.459,0.314,0.539
0.858,0.416,0.902,0.59
1.232,0.659,0.065,0.279
1.013,0.477,0.571,0.168
1.013,0.477,1.221,0.189
0.777,0.552,0.198,0.635
1.197,0.484,1.902,0.156
1.013,0.477,1.141,0.506
1.013,0.477,0.067,0.183
0.777,0.552,1.838,0.787
1.325,0.594,1.579,0.463
1.515,0.802,0.884,0.181
1.013,0.477,1.046,0.915
1.197,0.484,1.849,0.509
1.801,0.542,0.804,0.133
0.777,0.552,0.53,0.352
1.013,0.477,0.123,0.845
0.777,0.552,0.252,0.945
1.013,0.477,1.091,0.07
1.197,0.484,1.363,0.619
1.594,0.368,1.676,0.657
1.325,0.434,0.051,0.61
0.704,0.073,1.168,0.298
0.777,0.552,1.97,0.495
0.556,0.846,1.769,0.938
1.013,0.477,0.886,0.157
0.777,0.553,1.012,0.786
1.013,0.477,0.46,0.816
1.523,0.239,0.205,0.845
0.777,0.552,1.725,0.009
1.325,0.434,1.613,0.679
1.197,0.484,0.025,0.205
1.325,0.434,0.82,0.582
1.013,0.477,1.804,0.732
1.232,0.659,1.801,0.898
0.777,0.552,0.992,0.867
1.325,0.434,1.408,0.36
1.013,0.477,1.941,0.015
1.325,0.434,1.591,0.14
1.325,0.434,1.617,0.009
1.013,0.477,0.271,0.062
1.325,0.434,1.15,0.022
0.77,0.175,0.244,0.319
0.724,0.597,1.096,0.546
0.777,0.552,0.937,0.535
1.325,0.434,1.058,0.805
0.777,0.552,1.412,0.771
1.013,0.477,1.371,0.021
1.013,0.477,0.465,0.311
1.013,0.477,0.784,0.654
1.325,0.434,1.192,0.267
1.013,0.477,1.23,0.648
0.957,0.812,0.356,0.437
1.013,0.477,0.443,0.949
1.325,0.434,1.179,0.258
1.325,0.434,1.793,0.109
1.325,0.434,1.91,0.789
1.325,0.434,1.572,0.404
0.777,0.552,1.595,0.324
1.013,0.477,0.105,0.299
1.013,0.477,1.635,0.224
1.197,0.484,0.208,0.109
1.013,0.477,0.659,0.089
1.013,0.477,1.549,0.067
1.536,0.49,1.148,0.668
0.777,0.552,0.069,0.693
1.013,0.477,0.933,0.165
1.013,0.477,0.321,0.936
1.325,0.434,1.912,0.152
1.325,0.434,1.242,0.684
0.777,0.552,1.604,0.374
1.013,0.477,0.669,0.534
1.325,0.434,1.737,0.409
0.777,0.552,0.371,0.427
1.013,0.477,1.01,0.041
0.777,0.552,1.298,0.422
1.901,0.561,1.508,0.054
0.777,0.552,1.714,0.154
0.777,0.552,1.298,0.527
1.594,0.368,1.635,0.484
1.013,0.477,0.378,0.88
1.325,0.434,1.808,0.025
1.013,0.477,1.885,0.936
1.013,0.477,0.768,0.783
1.013,0.477,0.363,0.251
1.325,0.434,1.38,0.038
1.514,0.801,0.042,0.299
1.197,0.484,1.816,0.145
1.197,0.484,0.689,0.315
0.503,0.459,1.717,0.64
1.013,0.477,1.352,0.51
1.013,0.477,0.692,0.392
1.325,0.434,0.774,0.023
1.801,0.542,1.656,0.873
1.325,0.594,1.906,0.826
1.325,0.594,0.562,0.947
1.325,0.434,0.58,0.079
0.777,0.552,0.613,0.769
1.013,0.477,0.407,0.491
1.197,0.484,1.761,0.935
0.777,0.552,1.892,0.519
1.325,0.434,0.858,0.891
1.325,0.434,1.261,0.02
1.325,0.434,1.792,0.727
1.013,0.477,0.637,0.567
1.571,0.539,1.623,0.123
1.325,0.434,1.447,0.741
1.013,0.477,0.5,0.01
1.197,0.484,1.295,0.526
1.013,0.477,1.987,0.56
0.497,0.752,1.53,0.081
1.325,0.434,0.425,0.097
1.013,0.477,0.746,0.125
1.325,0.434,1.119,0.272
1.197,0.484,1.772,0.581
1.325,0.434,0.956,0.346
1.197,0.484,1.125,0.832
1.013,0.477,1.881,0.932
1.197,0.484,1.905,0.402
1.325,0.434,0.08,0.687
0.777,0.552,1.834,0.198
1.325,0.434,1.092,0.64
0.77,0.175,0.303,0.001
1.013,0.477,0.188,0.687
0.957,0.812,1.381,0.498
1.596,0.368,0.589,0.311
1.013,0.477,0.672,0.089
1.013,0.477,0.24,0.14
0.992,0.311,0.618,0.456
1.325,0.434,0.769,0.858
1.25,0.482,0.813,0.704
1.018,0.599,1.161,0.772
1.325,0.434,1.162,0.248
0.777,0.552,1.442,0.588
1.013,0.477,0.918,0.359
1.013,0.477,1.492,0.107
1.515,0.427,1.133,0.625
1.325,0.434,1.58,0.817
1.325,0.434,0.091,0.626
1.289,0.268,1.601,0.723
1.013,0.477,1.16,0.198
1.232,0.659,0.374,0.671
1.325,0.434,0.667,0.165
1.325,0.434,1.002,0.549
1.013,0.477,0.828,0.202
0.777,0.552,1.31,0.225
1.325,0.434,1.749,0.503
1.325,0.434,0.714,0.651
1.325,0.434,0.324,0.262
1.325,0.434,0.723,0.771
1.013,0.477,0.833,0.36
1.325,0.434,1.105,0.788
0.777,0.552,1.907,0.949
1.764,0.404,0.343,0.348
1.013,0.477,1.092,0.942
1.325,0.434,1.184,0.187
1.325,0.434,0.169,0.484
0.777,0.552,1.144,0.307
1.013,0.477,1.128,0.629
0.497,0.752,1.059,0.683
1.013,0.477,0.861,0.265
0.777,0.552,0.371,0.032
1.197,0.484,0.921,0.379
0.497,0.752,1.894,0.178
1.013,0.477,0.388,0.092
1.325,0.434,1.002,0.762
1.325,0.434,0.71,0.79
1.013,0.477,0.807,0.945
1.325,0.434,0.77,0.413
1.197,0.484,1.662,0.402
1.325,0.434,0.034,0.911
1.325,0.434,1.021,0.859
1.325,0.434,0.167,0.06
0.503,0.459,0.411,0.27
1.013,0.477,1.5,0.352
0.777,0.552,1.823,0.808
1.325,0.434,1.922,0.678
1.013,0.477,1.619,0.294
1.013,0.477,1.864,0.238
1.013,0.477,1.659,0.269
1.013,0.477,1.379,0.769
1.013,0.477,0.774,0.102
1.013,0.477,0.399,0.238
1.013,0.477,1.515,0.579
1.013,0.477,1.911,0.326
1.013,0.477,0.385,0.408
1.013,0.477,1.654,0.084
1.013,0.477,1.341,0.473
1.013,0.477,0.232,0.077
1.013,0.477,1.801,0.938
1.013,0.477,1.753,0.65
1.013,0.477,0.82,0.527
1.013,0.477,1.339,0.255
1.013,0.477,0.591,0.657
1.013,0.477,0.514,0.122
1.013,0.477,0.856,0.116
1.013,0.477,1.407,0.143
1.013,0.477,0.472,0.705
1.013,0.477,0.692,0.694
1.013,0.477,0.088,0.729
1.013,0.477,0.207,0.178
1.013,0.477,0.915,0.192
1.013,0.477,0.275,0.326
1.013,0.477,0.634,0.126
1.013,0.477,1.984,0.483
1.013,0.477,1.017,0.682
1.013,0.477,0.162,0.914
1.013,0.477,0.036,0.148
1.013,0.477,1.588,0.408
1.013,0.477,0.031,0.801
1.013,0.477,1.563,0.551
1.013,0.477,1.793,0.886
1.013,0.477,1.715,0.713
1.013,0.477,0.477,0.584
1.013,0.477,1.581,0.815
1.013,0.477,0.51,0.915
1.013,0.477,0.728,0.267
1.013,0.477,0.985,0.929
1.013,0.477,0.742,0.873
1.013,0.477,1.5,0.076
1.013,0.477,0.977,0.628
1.013,0.477,1.106,0.89
1.013,0.477,1.423,0.768
1.013,0.477,0.41,0.646
1.013,0.477,1.813,0.615
1.013,0.477,1.656,0.25
1.013,0.477,1.902,0.158
1.013,0.477,0.044,0.547
1.013,0.477,0.612,0.3
1.013,0.477,1.623,0.148
1.013,0.477,1.522,0.525
1.013,0.477,0.913,0.797
1.013,0.477,1.812,0.485
1.013,0.477,1.345,0.49
1.013,0.477,0.126,0.147
1.013,0.477,1.462,0.495
1.013,0.477,1.633,0.672
1.013,0.477,1.244,0.802
1.013,0.477,0.672,0.101
1.013,0.477,1.988,0.674
1.013,0.477,0.651,0.773
1.013,0.477,1.026,0.728
1.013,0.477,0.99,0.494
1.013,0.477,1.615,0.355
1.013,0.477,0.259,0.014
1.013,0.477,0.918,0.941
1.013,0.477,1.118,0.943
1.013,0.477,0.514,0.866
1.013,0.477,1.177,0.818
1.013,0.477,1.378,0.749
1.013,0.477,0.901,0.754
1.013,0.477,0.319,0.236
1.013,0.477,1.337,0.72
1.013,0.477,1.961,0.664
1.013,0.477,0.651,0.43
1.013,0.477,0.767,0.19
1.013,0.477,0.17,0.424
1.013,0.477,1.714,0.388
1.013,0.477,1.992,0.159
1.013,0.477,1.198,0.219
1.013,0.477,1.014,0.201
1.013,0.477,0.294,0.53
1.013,0.477,0.737,0.455
1.013,0.477,0.244,0.023
1.013,0.477,0.7,0.693
1.013,0.477,1.551,0.318
1.013,0.477,0.487,0.148
1.013,0.477,1.747,0.311
1.013,0.477,1.805,0.805
1.013,0.477,0.074,0.499
1.013,0.477,1.591,0.267
1.013,0.477,0.275,0.212
1.013,0.477,1.187,0.355
1.013,0.477,1.557,0.221
1.013,0.477,1.28,0.805
1.013,0.477,0.054,0.276
1.013,0.477,0.346,0.073
1.013,0.477,1.607,0.798
1.013,0.477,0.926,0.813
1.013,0.477,0.289,0.647
1.013,0.477,1.096,0.129
1.013,0.477,0.514,0.277
1.013,0.477,0.498,0.22
1.013,0.477,1.494,0.075
1.013,0.477,0.557,0.126
1.013,0.477,1.841,0.235
1.013,0.477,0.618,0.853
1.013,0.477,0.305,0.738
1.013,0.477,1.059,0.163
1.013,0.477,1.868,0.941
1.013,0.477,0.514,0.069
1.013,0.477,1.261,0.591
1.013,0.477,0.837,0.381
1.013,0.477,0.576,0.485
1.013,0.477,0.051,0.824
1.013,0.477,0.555,0.404
1.013,0.477,1.497,0.056
1.013,0.477,1.734,0.456
1.013,0.477,1.233,0.529
1.013,0.477,0.424,0.893
1.013,0.477,0.368,0.6
1.013,0.477,0.912,0.682
1.013,0.477,1.085,0.217
1.013,0.477,1.699,0.476
1.013,0.477,1.396,0.752
1.013,0.477,1.552,0.142
1.013,0.477,0.092,0.331
1.013,0.477,1.703,0.826
1.013,0.477,1.328,0.088
1.013,0.477,0.088,0.35
1.013,0.477,0.8,0.54
1.013,0.477,0.376,0.251
1.013,0.477,0.976,0.232
1.013,0.477,0.928,0.235
1.013,0.477,1.8,0.074
1.013,0.477,1.895,0.355
1.013,0.477,0.101,0.394
1.013,0.477,1.446,0.947
1.013,0.477,0.522,0.055
1.013,0.477,0.692,0.027
1.013,0.477,1.275,0.931
1.013,0.477,0.584,0.032
1.013,0.477,0.284,0.027
1.013,0.477,1.885,0.528
1.013,0.477,1.151,0.681
1.013,0.477,1.987,0.456
1.013,0.477,1.617,0.019
1.013,0.477,0.209,0.67
1.013,0.477,1.118,0.549
1.013,0.477,0.482,0.288
1.013,0.477,1.458,0.039
1.013,0.477,1.513,0.1
1.013,0.477,0.681,0.153
1.013,0.477,1.671,0.37
1.013,0.477,0.404,0.152
1.013,0.477,0.484,0.214
1.013,0.477,1.413,0.269
1.013,0.477,0.051,0.725
1.013,0.477,0.902,0.275
1.013,0.477,0.352,0.918
1.013,0.477,0.526,0.027
1.013,0.477,1.102,0.349
1.013,0.477,0.699,0.157
1.013,0.477,1.058,0.302
1.013,0.477,1.788,0.823
1.013,0.477,0.524,0.601
1.013,0.477,0.739,0.782
1.013,0.477,0.552,0.292
1.013,0.477,0.058,0.835
1.013,0.477,0.544,0.158
1.013,0.477,1.052,0.269
1.013,0.477,0.955,0.233
1.013,0.477,1.663,0.427
1.013,0.477,1.357,0.325
1.013,0.477,0.612,0.077
1.013,0.477,0.998,0.359
1.013,0.477,0.855,0.781
1.013,0.477,1.801,0.164
1.013,0.477,1.96,0.014
1.013,0.477,1.165,0.219
1.013,0.477,0.136,0.188
1.013,0.477,1.9,0.88
1.013,0.477,0.354,0.143
1.013,0.477,0.854,0.409
1.013,0.477,0.443,0.487
1.013,0.477,0.268,0.104
1.013,0.477,0.369,0.187
1.013,0.477,1.869,0.651
1.013,0.477,1.356,0.552
1.013,0.477,0.496,0.059
1.013,0.477,0.061,0.785
1.013,0.477,0.777,0.06
1.013,0.477,0.406,0.291
1.013,0.477,0.34,0.352
1.013,0.477,0.731,0.379
1.013,0.477,1.726,0.875
1.013,0.477,1.32,0.773
1.013,0.477,0.072,0.517
1.013,0.477,1.033,0.841
1.013,0.477,1.298,0.515
1.013,0.477,1.061,0.538
1.013,0.477,0.081,0.165
1.013,0.477,1.644,0.434
1.013,0.477,0.428,0.384
1.013,0.477,0.274,0.853
1.013,0.477,0.17,0.388
1.013,0.477,1.185,0.784
1.013,0.477,0.979,0.09
1.013,0.477,0.177,0.166
1.013,0.477,1.324,0.942
1.013,0.477,0.702,0.158
1.013,0.477,0.134,0.846
1.013,0.477,1.87,0.14
1.013,0.477,0.26,0.533
1.013,0.477,1.79,0.855
1.013,0.477,1.762,0.457
1.013,0.477,0.992,0.042
1.013,0.477,1.876,0.125
1.013,0.477,1.359,0.444
1.013,0.477,0.323,0.367
1.013,0.477,1.663,0.84
1.013,0.477,1.793,0.835
1.013,0.477,1.277,0.308
1.013,0.477,1.185,0.614
1.013,0.477,1.528,0.837
1.013,0.477,1.949,0.903
1.013,0.477,1.136,0.914
1.013,0.477,1.055,0.262
1.013,0.477,1.738,0.532
1.013,0.477,0.849,0.509
1.013,0.477,1.092,0.678
1.013,0.477,0.61,0.498
1.013,0.477,1.395,0.63
1.013,0.477,0.252,0.463
1.013,0.477,1.312,0.116
1.013,0.477,0.785,0.805
1.013,0.477,0.708,0.868
1.013,0.477,0.512,0.381
1.013,0.477,1.067,0.765
1.013,0.477,0.51,0.396
1.013,0.477,1.032,0.35
1.013,0.477,1.541,0.25
1.013,0.477,0.286,0.506
1.013,0.477,0.691,0.079
1.013,0.477,1.019,0.435
1.013,0.477,0.658,0.427
1.013,0.477,0.529,0.457
1.013,0.477,0.806,0.456
1.013,0.477,0.032,0.483
1.013,0.477,1.431,0.869
1.013,0.477,0.926,0.211
1.013,0.477,1.026,0.159
1.013,0.477,1.591,0.869
1.013,0.477,1.801,0.701
1.013,0.477,1.72,0.133
1.013,0.477,0.665,0.146
1.013,0.477,0.304,0.835
1.013,0.477,0.497,0.373
1.013,0.477,1.67,0.378
1.013,0.477,0.364,0.906
1.013,0.477,1.275,0.155
1.013,0.477,0.407,0.919
1.013,0.477,0.81,0.623
1.013,0.477,0.635,0.554
1.013,0.477,0.182,0.209
1.013,0.477,0.894,0.104
1.013,0.477,1.532,0.141
1.013,0.477,1.54,0.32
1.013,0.477,1.479,0.081
1.013,0.477,1.547,0.147
1.013,0.477,1.732,0.606
1.013,0.477,0.068,0.939
1.013,0.477,0.651,0.023
1.013,0.477,1.187,0.604
1.013,0.477,0.82,0.202
1.013,0.477,1.739,0.261
1.013,0.477,1.794,0.085
1.013,0.477,1.22,0.248
1.013,0.477,1.885,0.614
1.013,0.477,0.711,0.899
1.013,0.477,1.894,0.273
1.013,0.477,0.432,0.066
1.013,0.477,0.033,0.577
1.013,0.477,0.339,0.296
1.013,0.477,1.641,0.737
1.013,0.477,1.735,0.615
1.013,0.477,1.252,0.213
1.013,0.477,1.223,0.288
1.013,0.477,0.561,0.672
1.013,0.477,1.338,0.258
1.013,0.477,0.405,0.871
1.013,0.477,0.044,0.396
1.013,0.477,0.928,0.936
1.013,0.477,0.464,0.462
1.013,0.477,1.954,0.828
1.013,0.477,1.916,0.557
1.013,0.477,1.448,0.11
1.013,0.477,1.215,0.683
1.013,0.477,0.911,0.09
1.013,0.477,0.501,0.528
1.013,0.477,0.499,0.656
1.013,0.477,0.674,0.506
1.013,0.477,0.348,0.677
1.013,0.477,1.303,0.162
1.013,0.477,0.77,0.415
1.013,0.477,0.35,0.626
1.013,0.477,0.564,0.092
1.013,0.477,0.9,0.401
1.013,0.477,0.774,0.675
1.013,0.477,0.152,0.026
1.013,0.477,1.735,0.137
1.013,0.477,1.846,0.35
1.013,0.477,1.764,0.883
1.013,0.477,0.167,0.512
1.013,0.477,0.743,0.244
1.013,0.477,0.636,0.805
1.013,0.477,1.359,0.271
1.013,0.477,1.011,0.384
1.013,0.477,1.377,0.129
1.013,0.477,1.478,0.565
1.013,0.477,0.835,0.423
1.013,0.477,1.144,0.347
1.013,0.477,0.904,0.844
1.013,0.477,0.898,0.269
1.013,0.477,0.217,0.899
1.013,0.477,1.331,0.229
1.013,0.477,0.301,0.931
1.013,0.477,1.66,0.707
1.013,0.477,1.805,0.628
1.013,0.477,0.502,0.026
1.013,0.477,1.884,0.345
1.013,0.477,0.087,0.617
1.013,0.477,0.816,0.648
1.013,0.477,1.887,0.261
1.013,0.477,1.921,0.907
1.013,0.477,1.656,0.886
1.013,0.477,1.713,0.862
1.013,0.477,0.55,0.403
1.013,0.477,0.944,0.089
1.013,0.477,1.835,0.565
1.013,0.477,1.51,0.395
1.013,0.477,1.129,0.088
1.013,0.477,0.244,0.575
1.013,0.477,0.341,0.189
1.013,0.477,0.472,0.164
1.013,0.477,0.29,0.291
1.013,0.477,1.952,0.211
1.013,0.477,1.329,0.75
1.013,0.477,0.571,0.395
1.013,0.477,0.116,0.216
1.013,0.477,1.173,0.463
1.013,0.477,0.471,0.544
1.013,0.477,0.7,0.457
1.013,0.477,0.431,0.241
1.013,0.477,0.763,0.876
1.013,0.477,0.958,0.177
1.013,0.477,1.365,0.052
1.013,0.477,1.92,0.732
1.013,0.477,1.775,0.447
1.013,0.477,0.379,0.775
1.013,0.477,0.359,0.812
1.013,0.477,0.392,0.205
1.013,0.477,0.63,0.381
1.013,0.477,0.263,0.612
1.013,0.477,1.674,0.707
1.013,0.477,1.535,0.589
1.013,0.477,0.467,0.39
1.013,0.477,0.428,0.575
1.013,0.477,1.51,0.142
1.013,0.477,1.013,0.729
1.013,0.477,1.649,0.425
1.013,0.477,1.566,0.559
1.013,0.477,0.94,0.868
1.013,0.477,0.687,0.091
1.013,0.477,0.333,0.42
1.013,0.477,1.911,0.114
1.013,0.477,0.031,0.835
1.013,0.477,1.845,0.872
1.013,0.477,1.333,0.712
1.013,0.477,0.668,0.344
1.013,0.477,1.485,0.239
1.013,0.477,0.088,0.908
1.013,0.477,0.952,0.602
1.013,0.477,0.168,0.861
1.013,0.477,1.641,0.213
1.013,0.477,0.832,0.38
1.013,0.477,0.238,0.686
1.013,0.477,1.058,0.388
1.013,0.477,1.837,0.833
1.013,0.477,1.44,0.241
1.013,0.477,1.15,0.188
1.013,0.477,0.55,0.159
1.013,0.477,0.59,0.449
1.013,0.477,0.95,0.725
1.013,0.477,1.875,0.932
1.013,0.477,1.274,0.434
1.013,0.477,1.779,0.235
1.013,0.477,1.205,0.031
1.013,0.477,0.635,0.173
1.013,0.477,0.565,0.296
1.013,0.477,0.18,0.654
1.013,0.477,0.54,0.12
1.013,0.477,1.071,0.507
1.013,0.477,1.486,0.352
1.013,0.477,1.028,0.727
1.013,0.477,0.222,0.545
1.013,0.477,1.882,0.533
1.013,0.477,0.088,0.489
1.013,0.477,0.486,0.122
1.013,0.477,0.806,0.586
1.013,0.477,1.073,0.662
1.013,0.477,1.268,0.868
1.013,0.477,1.816,0.091
1.013,0.477,0.798,0.633
1.013,0.477,0.469,0.705
1.013,0.477,0.015,0.202
1.013,0.477,0.289,0.23
1.013,0.477,0.2,0.415
1.013,0.477,1.83,0.949
1.013,0.477,0.617,0.352
1.013,0.477,1.486,0.927
1.013,0.477,0.79,0.138
1.013,0.477,1.72,0.547
1.013,0.477,0.239,0.559
1.013,0.477,0.161,0.86
1.013,0.477,1.341,0.887
1.013,0.477,1.207,0.461
1.013,0.477,1.653,0.555
1.013,0.477,1.269,0.871
1.013,0.477,0.262,0.136
1.013,0.477,1.719,0.15
1.013,0.477,0.554,0.848
1.013,0.477,1.573,0.546
1.013,0.477,1.599,0.333
1.013,0.477,0.221,0.898
1.013,0.477,1.836,0.948
1.013,0.477,0.686,0.283
1.013,0.477,0.483,0.376
1.013,0.477,1.361,0.505
1.013,0.477,1.844,0.459
1.013,0.477,0.231,0.901
1.013,0.477,1.496,0.015
1.013,0.477,1.453,0.72
1.013,0.477,0.249,0.829
1.013,0.477,0.424,0.445
1.013,0.477,1.475,0.649
1.013,0.477,0.068,0.686
1.013,0.477,1.285,0.237
1.013,0.477,1.38,0.595
1.013,0.477,1.145,0.681
1.013,0.477,1.923,0.735
1.013,0.477,1.55,0.251
1.013,0.477,1.523,0.811
1.013,0.477,0.883,0.121
1.013,0.477,1.796,0.806
1.013,0.477,1.444,0.197
1.013,0.477,0.07,0.625
1.013,0.477,0.728,0.61
1.013,0.477,0.692,0.563
1.013,0.477,0.379,0.533
1.013,0.477,0.153,0.364
1.013,0.477,0.192,0.499
1.013,0.477,1.686,0.846
1.013,0.477,1.176,0.544
1.013,0.477,0.58,0.526
1.013,0.477,0.152,0.587
1.013,0.477,1.665,0.86
1.013,0.477,1.033,0.537
1.013,0.477,1.87,0.822
1.013,0.477,0.074,0.546
1.013,0.477,0.493,0.284
1.013,0.477,0.586,0.012
1.013,0.477,0.656,0.43
1.013,0.477,1.998,0.633
1.013,0.477,0.415,0.704
1.013,0.477,0.879,0.906
1.013,0.477,0.904,0.796
1.013,0.477,0.65,0.528
1.013,0.477,1.393,0.643
1.013,0.477,0.979,0.798
1.013,0.477,0.653,0.512
1.013,0.477,0.048,0.445
1.013,0.477,0.003,0.288
1.013,0.477,0.513,0.48
1.013,0.477,1.226,0.458
1.013,0.477,1.13,0.344
1.013,0.477,1.565,0.39
1.013,0.477,1.122,0.543
1.013,0.477,0.562,0.267
1.013,0.477,0.95,0.211
1.013,0.477,1.412,0.548
1.013,0.477,1.357,0.748
1.013,0.477,0.079,0.033
1.013,0.477,1.23,0.158
1.013,0.477,0.589,0.825
1.013,0.477,1.291,0.824
1.013,0.477,1.838,0.947
1.013,0.477,0.929,0.044
1.013,0.477,1.723,0.912
1.013,0.477,1.918,0.603
1.013,0.477,1.667,0.288
1.013,0.477,1.111,0.481
1.013,0.477,0.824,0.787
1.013,0.477,1.528,0.754
1.013,0.477,0.964,0.624
1.013,0.477,0.081,0.152
1.013,0.477,0.168,0.662
1.013,0.477,1.595,0.818
1.013,0.477,1.706,0.337
1.013,0.477,1.851,0.757
1.013,0.477,0.125,0.732
1.013,0.477,0.682,0.316
1.013,0.477,1.429,0.593
1.013,0.477,1.69,0.82
1.013,0.477,0.446,0.841
1.013,0.477,0.697,0.766
1.013,0.477,1.893,0.654
1.013,0.477,0.31,0.512
1.013,0.477,0.668,0.762
1.013,0.477,1.335,0.37
1.013,0.477,1.706,0.597
1.013,0.477,0.287,0.146
1.013,0.477,0.899,0.481
1.013,0.477,0.429,0.142
1.013,0.477,0.953,0.496
1.013,0.477,1.683,0.562
1.013,0.477,0.15,0.854
1.013,0.477,1.479,0.341
1.013,0.477,1.984,0.929
1.013,0.477,1.615,0.919
1.013,0.477,1.231,0.416
1.013,0.477,1.188,0.25
1.013,0.477,1.863,0.06
1.013,0.477,1.136,0.14
1.013,0.477,1.713,0.341
1.013,0.477,1.312,0.347
1.013,0.477,0.302,0.709
1.013,0.477,1.259,0.295
1.013,0.477,1.53,0.332
1.013,0.477,1.882,0.69
1.013,0.477,1.942,0.686
1.013,0.477,1.716,0.863
1.013,0.477,1.666,0.734
1.013,0.477,1.92,0.257
1.013,0.477,0.534,0.876
1.013,0.477,0.497,0.003
1.013,0.477,0.469,0.891
1.013,0.477,1.665,0.66
1.013,0.477,0.562,0.632
1.013,0.477,1.937,0.672
1.013,0.477,0.042,0.142
1.013,0.477,0.186,0.186
1.013,0.477,0.181,0.875
1.013,0.477,0.279,0.776
1.013,0.477,0.251,0.894
1.013,0.477,1.774,0.208
1.013,0.477,1.94,0.404
1.013,0.477,0.992,0.738
1.013,0.477,0.84,0.569
1.013,0.477,0.194,0.544
1.013,0.477,1.568,0.736
1.013,0.477,1.695,0.124
1.013,0.477,0.023,0.444
1.013,0.477,1.679,0.231
1.013,0.477,1.677,0.079
1.013,0.477,0.693,0.034
1.013,0.477,1.825,0.606
1.013,0.477,0.34,0.828
1.013,0.477,1.106,0.291
1.013,0.477,0.468,0.74
1.013,0.477,0.273,0.419
1.013,0.477,1.344,0.337
1.013,0.477,1.89,0.743
1.013,0.477,1.351,0.837
1.013,0.477,0.927,0.358
1.013,0.477,1.418,0.698
1.013,0.477,0.81,0.902
1.013,0.477,0.896,0.218
1.013,0.477,0.676,0.769
1.013,0.477,0.969,0.674
1.013,0.477,1.433,0.451
1.013,0.477,0.16,0.722
1.013,0.477,0.806,0.033
1.013,0.477,1.311,0.846
1.013,0.477,1.122,0.035
1.013,0.477,1.356,0.221
1.013,0.477,1.317,0.456
1.013,0.477,1.835,0.595
1.013,0.477,0.775,0.532
1.013,0.477,0.196,0.382
1.013,0.477,1.152,0.497
1.013,0.477,0.11,0.306
1.013,0.477,1.36,0.706
1.013,0.477,0.648,0.48
1.013,0.477,0.626,0.273
1.013,0.477,1.836,0.077
1.013,0.477,1.747,0.208
1.013,0.477,0.626,0.721
1.013,0.477,0.79,0.467
1.013,0.477,0.187,0.668
1.013,0.477,0.765,0.707
1.013,0.477,0.583,0.667
1.013,0.477,1.344,0.19
1.013,0.477,1.453,0.025
1.013,0.477,1.726,0.748
1.013,0.477,0.656,0.111
1.013,0.477,1.353,0.205
1.013,0.477,0.87,0.147
1.013,0.477,1.72,0.189
1.013,0.477,1.75,0.221
1.013,0.477,1.592,0.198
1.013,0.477,0.426,0.166
1.013,0.477,0.585,0.809
1.013,0.477,1.998,0.401
1.013,0.477,1.109,0.317
1.013,0.477,1.475,0.642
1.013,0.477,0.991,0.042
1.013,0.477,0.598,0.629
1.013,0.477,0.796,0.638
1.013,0.477,1.828,0.513
1.013,0.477,0.993,0.13
1.013,0.477,1.32,0.45
1.013,0.477,0.241,0.236
1.013,0.477,1.17,0.119
1.013,0.477,1.951,0.195
1.013,0.477,1.854,0.624
1.013,0.477,0.894,0.725
1.013,0.477,0.429,0.493
1.013,0.477,1.781,0.844
1.013,0.477,0.517,0.445
1.013,0.477,1.003,0.448
1.013,0.477,0.72,0.928
1.013,0.477,1.527,0.533
1.013,0.477,0.745,0.23
1.013,0.477,1.014,0.9
1.013,0.477,1.949,0.498
1.013,0.477,1.37,0.223
1.013,0.477,1.245,0.126
1.013,0.477,1.088,0.668
1.013,0.477,1.413,0.859
1.013,0.477,1.001,0.871
1.013,0.477,1.563,0.801
1.013,0.477,0.508,0.071
1.013,0.477,0.827,0.304
1.013,0.477,0.736,0.116
1.013,0.477,1.686,0.272
1.013,0.477,0.786,0.051
1.013,0.477,1.259,0.424
1.013,0.477,0.859,0.063
1.013,0.477,0.878,0.464
1.013,0.477,0.967,0.764
1.013,0.477,0.771,0.092
1.013,0.477,0.758,0.353
1.013,0.477,0.83,0.57
1.013,0.477,0.728,0.024
1.013,0.477,0.627,0.764
1.013,0.477,0.66,0.321
1.013,0.477,0.785,0.922
1.013,0.477,1.828,0.027
1.013,0.477,1.491,0.621
1.013,0.477,0.787,0.039
1.013,0.477,1.064,0.539
1.013,0.477,0.862,0.654
1.013,0.477,1.958,0.755
1.013,0.477,1.34,0.677
1.013,0.477,0.207,0.76
1.013,0.477,1.621,0.102
1.013,0.477,1.019,0.031
1.013,0.477,0.898,0.865
1.013,0.477,0.138,0.159
1.013,0.477,0.47,0.648
1.013,0.477,1.702,0.741
1.013,0.477,0.246,0.845
1.013,0.477,1.892,0.084
1.013,0.477,0.807,0.912
1.013,0.477,0.968,0.129
1.013,0.477,0.217,0.924
1.013,0.477,0.745,0.421
1.013,0.477,0.046,0.569
1.013,0.477,1.482,0.355
1.013,0.477,0.239,0.085
1.013,0.477,1.17,0.326
1.013,0.477,0.167,0.897
1.013,0.477,1.35,0.16
1.013,0.477,0.3,0.295
1.013,0.477,1.135,0.418
1.013,0.477,0.022,0.302
1.013,0.477,1.51,0.344
1.013,0.477,1.484,0.032
1.013,0.477,1.16,0.122
1.013,0.477,1.177,0.032
1.013,0.477,0.324,0.036
1.013,0.477,1.614,0.492
1.013,0.477,1.959,0.776
1.013,0.477,0.908,0.397
1.013,0.477,0.463,0.032
1.013,0.477,0.136,0.411
1.013,0.477,1.546,0.837
1.013,0.477,0.894,0.471
1.013,0.477,0.314,0.736
1.013,0.477,0.33,0.941
1.013,0.477,1.315,0.491
1.013,0.477,1.026,0.553
1.013,0.477,0.462,0.16
1.013,0.477,1.76,0.46
1.013,0.477,0.908,0.625
1.013,0.477,1.689,0.427
1.013,0.477,1.224,0.819
1.013,0.477,1.088,0.898
1.013,0.477,1.315,0.776
1.013,0.477,0.805,0.65
1.013,0.477,1.341,0.156
1.013,0.477,0.351,0.432
1.013,0.477,0.174,0.176
1.013,0.477,1.891,0.137
1.013,0.477,1.913,0.555
1.013,0.477,0.332,0.63
1.013,0.477,1.056,0.285
1.013,0.477,0.225,0.651
1.013,0.477,1.613,0.627
1.013,0.477,0.672,0.908
1.013,0.477,0.637,0.356
1.013,0.477,0.569,0.695
1.013,0.477,0.418,0.196
1.013,0.477,0.852,0.416
1.013,0.477,1.839,0.743
1.013,0.477,1.696,0.936
1.013,0.477,1.041,0.693
1.013,0.477,0.128,0.939
1.013,0.477,0.277,0.311
1.013,0.477,0.301,0.759
1.013,0.477,1.17,0.154
1.013,0.477,1.017,0.326
1.013,0.477,0.228,0.34
1.013,0.477,0.416,0.337
1.013,0.477,0.205,0.171
1.013,0.477,0.157,0.327
1.013,0.477,0.776,0.887
1.013,0.477,1.223,0.658
1.013,0.477,1.743,0.047
1.013,0.477,1.997,0.524
1.013,0.477,0.681,0.687
1.013,0.477,0.88,0.214
1.013,0.477,0.915,0.803
1.013,0.477,1.866,0.652
1.013,0.477,0.664,0.281
1.013,0.477,0.111,0.25
1.013,0.477,1.285,0.169
1.013,0.477,0.119,0.387
1.013,0.477,1.818,0.152
1.013,0.477,1.282,0.819
1.013,0.477,0.996,0.141
1.013,0.477,1.067,0.624
1.013,0.477,0.298,0.448
1.013,0.477,1.429,0.352
1.013,0.477,1.357,0.652
1.013,0.477,0.296,0.664
1.013,0.477,0.023,0.507
1.013,0.477,1.781,0.835
1.013,0.477,1.562,0.679
1.013,0.477,0.424,0.009
1.013,0.477,1.355,0.537
1.013,0.477,1.08,0.738
1.013,0.477,0.204,0.327
1.013,0.477,1.485,0.474
1.013,0.477,1.401,0.606
1.013,0.477,0.999,0.043
1.013,0.477,1.039,0.277
1.013,0.477,1.566,0.406
1.013,0.477,0.661,0.581
1.013,0.477,1.257,0.681
1.013,0.477,0.843,0.41
1.013,0.477,1.94,0.896
1.013,0.477,0.901,0.264
1.013,0.477,0.513,0.706
1.013,0.477,1.244,0.532
1.013,0.477,1.206,0.444
1.013,0.477,1.801,0.637
1.013,0.477,1.747,0.167
1.013,0.477,0.022,0.919
1.013,0.477,1.419,0.343
1.013,0.477,1.135,0.123
1.013,0.477,1.325,0.343
1.013,0.477,0.818,0.65
1.013,0.477,0.261,0.672
1.013,0.477,0.251,0.7
1.013,0.477,0.338,0.415
1.013,0.477,0.495,0.373
1.013,0.477,0.391,0.862
1.013,0.477,1.747,0.706
1.013,0.477,1.873,0.71
1.013,0.477,1.31,0.297
1.013,0.477,0.542,0.729
1.013,0.477,0.063,0.757
1.013,0.477,0.51,0.891
1.013,0.477,0.227,0.66
1.013,0.477,1.0,0.583
1.013,0.477,1.986,0.653
1.013,0.477,1.128,0.146
1.013,0.477,1.393,0.684
1.013,0.477,1.499,0.339
1.013,0.477,1.994,0.211
1.013,0.477,1.063,0.073
1.013,0.477,1.5,0.417
1.013,0.477,0.019,0.182
1.013,0.477,0.768,0.83
1.013,0.477,0.364,0.654
1.013,0.477,0.807,0.796
1.013,0.477,0.543,0.199
1.013,0.477,1.957,0.301
1.013,0.477,0.485,0.894
1.013,0.477,1.191,0.072
1.013,0.477,1.053,0.904
1.013,0.477,1.819,0.677
1.013,0.477,0.697,0.388
1.013,0.477,1.08,0.465
1.013,0.477,0.989,0.818
1.013,0.477,1.92,0.611
1.013,0.477,0.447,0.05
1.013,0.477,0.271,0.115
1.013,0.477,0.896,0.521
1.013,0.477,0.45,0.097
1.013,0.477,1.786,0.638
1.013,0.477,1.911,0.198
1.013,0.477,1.187,0.856
1.013,0.477,1.176,0.339
1.013,0.477,0.705,0.288
1.013,0.477,0.655,0.24
1.013,0.477,0.044,0.025
1.013,0.477,1.981,0.108
1.013,0.477,1.001,0.823
1.013,0.477,0.948,0.634
1.013,0.477,0.298,0.522
1.013,0.477,0.74,0.177
1.013,0.477,1.961,0.345
1.013,0.477,1.992,0.615
1.013,0.477,1.883,0.776
1.013,0.477,0.921,0.426
1.013,0.477,1.678,0.914
1.013,0.477,0.541,0.917
1.013,0.477,0.87,0.125
1.013,0.477,0.718,0.432
1.013,0.477,1.375,0.625
1.013,0.477,0.977,0.902
1.013,0.477,0.564,0.242
1.013,0.477,1.278,0.304
1.013,0.477,0.491,0.623
1.013,0.477,0.603,0.946
1.013,0.477,1.611,0.191
1.013,0.477,0.335,0.064
1.013,0.477,0.681,0.346
1.013,0.477,1.403,0.848
1.013,0.477,0.998,0.278
1.013,0.477,0.931,0.651
1.013,0.477,0.501,0.888
1.013,0.477,1.969,0.748
1.013,0.477,1.966,0.303
1.013,0.477,0.272,0.184
1.013,0.477,1.351,0.902
1.013,0.477,0.115,0.112
1.013,0.477,0.698,0.934
1.013,0.477,1.567,0.35
1.013,0.477,1.383,0.659
1.013,0.477,0.356,0.015
1.013,0.477,1.982,0.094
1.013,0.477,1.75,0.355
1.013,0.477,0.698,0.006
1.013,0.477,1.803,0.723
1.013,0.477,1.484,0.769
1.013,0.477,1.276,0.266
1.013,0.477,1.109,0.909
1.013,0.477,1.606,0.307
1.013,0.477,0.093,0.812
1.013,0.477,0.35,0.189
1.013,0.477,0.271,0.379
1.013,0.477,1.891,0.926
1.013,0.477,1.724,0.506
1.013,0.477,1.203,0.843
1.013,0.477,0.92,0.715
1.013,0.477,1.317,0.083
1.013,0.477,0.501,0.352
1.013,0.477,0.478,0.728
1.013,0.477,1.73,0.493
1.013,0.477,0.678,0.937
1.013,0.477,0.442,0.574
1.013,0.477,1.104,0.565
1.013,0.477,1.951,0.149
1.013,0.477,0.862,0.456
1.013,0.477,1.748,0.054
1.013,0.477,1.854,0.573
1.013,0.477,0.532,0.94
1.013,0.477,1.52,0.524
1.013,0.477,0.094,0.735
1.013,0.477,0.754,0.169
1.013,0.477,0.729,0.236
1.013,0.477,1.196,0.558
1.013,0.477,1.93,0.772
1.013,0.477,0.84,0.842
1.013,0.477,0.599,0.807
1.013,0.477,1.21,0.157
1.013,0.477,0.521,0.203
1.013,0.477,0.339,0.003
1.013,0.477,0.009,0.907
1.013,0.477,0.131,0.342
1.013,0.477,0.754,0.284
1.013,0.477,1.538,0.138
1.013,0.477,0.178,0.608
1.013,0.477,0.446,0.792
1.013,0.477,0.225,0.426
1.013,0.477,0.622,0.904
1.013,0.477,1.345,0.358
1.013,0.477,0.646,0.283
1.013,0.477,0.284,0.38
1.013,0.477,0.044,0.565
1.013,0.477,0.953,0.858
1.013,0.477,1.703,0.205
1.013,0.477,0.322,0.056
1.013,0.477,1.909,0.086
1.013,0.477,0.18,0.195
1.013,0.477,1.782,0.772
1.013,0.477,0.009,0.302
1.013,0.477,1.109,0.319
1.013,0.477,0.429,0.321
1.013,0.477,0.44,0.011
1.013,0.477,1.029,0.455
1.013,0.477,0.058,0.932
1.013,0.477,1.633,0.464
1.013,0.477,0.082,0.921
1.013,0.477,1.675,0.26
1.013,0.477,1.762,0.503
1.013,0.477,0.071,0.453
1.013,0.477,1.151,0.796
1.013,0.477,0.755,0.83
1.013,0.477,1.483,0.028
1.013,0.477,1.426,0.578
1.013,0.477,0.164,0.664
1.013,0.477,1.374,0.315
1.013,0.477,1.642,0.256
1.013,0.477,1.09,0.464
1.013,0.477,0.374,0.697
1.013,0.477,1.346,0.657
1.013,0.477,0.99,0.483
1.013,0.477,1.055,0.621
1.013,0.477,0.062,0.329
1.013,0.477,1.69,0.764
1.013,0.477,1.027,0.267
1.013,0.477,1.801,0.74
1.013,0.477,0.505,0.043
1.013,0.477,1.179,0.421
1.013,0.477,1.758,0.818
1.013,0.477,1.331,0.684
1.013,0.477,1.523,0.407
1.013,0.477,0.419,0.414
1.013,0.477,1.458,0.304
1.013,0.477,1.0,0.052
1.013,0.477,0.833,0.136
1.013,0.477,0.406,0.234
1.013,0.477,1.853,0.398
1.013,0.477,0.078,0.144
1.013,0.477,0.531,0.453
1.013,0.477,1.217,0.771
1.013,0.477,1.509,0.016
1.013,0.477,1.326,0.243
1.013,0.477,0.5,0.122
1.013,0.477,0.523,0.929
1.013,0.477,0.112,0.411
1.013,0.477,1.42,0.32
1.013,0.477,1.912,0.286
1.013,0.477,0.403,0.521
1.013,0.477,1.661,0.553
1.013,0.477,1.988,0.698
1.013,0.477,1.706,0.851
1.013,0.477,1.794,0.219
1.013,0.477,0.93,0.077
1.013,0.477,1.375,0.88
1.013,0.477,1.636,0.167
1.013,0.477,1.411,0.66
1.013,0.477,1.503,0.622
1.013,0.477,0.363,0.648
1.013,0.477,0.694,0.083
1.013,0.477,1.86,0.759
1.013,0.477,1.451,0.767
1.013,0.477,1.309,0.123
1.013,0.477,0.385,0.576
1.013,0.477,1.086,0.216
1.013,0.477,1.015,0.836
1.013,0.477,1.82,0.817
1.013,0.477,1.505,0.888
1.013,0.477,0.075,0.574
1.013,0.477,1.592,0.792
1.013,0.477,1.739,0.564
1.013,0.477,0.403,0.559
1.013,0.477,0.698,0.195
1.013,0.477,1.999,0.822
1.013,0.477,1.669,0.2
1.013,0.477,1.6,0.353
1.013,0.477,0.194,0.075
1.013,0.477,1.933,0.445
1.013,0.477,1.665,0.463
1.013,0.477,1.438,0.545
1.013,0.477,0.722,0.553
1.013,0.477,1.171,0.565
1.013,0.477,0.911,0.791
1.013,0.477,1.796,0.389
1.013,0.477,1.88,0.776
1.013,0.477,0.144,0.164
1.013,0.477,1.487,0.06
1.013,0.477,1.577,0.886
1.013,0.477,0.045,0.518
1.013,0.477,1.831,0.507
1.013,0.477,0.729,0.931
1.013,0.477,1.064,0.73
1.013,0.477,1.87,0.474
1.013,0.477,1.276,0.903
1.013,0.477,0.629,0.043
1.013,0.477,0.763,0.398
1.013,0.477,1.961,0.555
1.013,0.477,0.473,0.689
1.013,0.477,1.662,0.104
1.013,0.477,0.803,0.132
1.013,0.477,0.166,0.238
1.013,0.477,1.895,0.543
1.013,0.477,0.74,0.202
1.013,0.477,1.384,0.268
1.013,0.477,0.607,0.786
1.013,0.477,0.395,0.315
1.013,0.477,0.486,0.426
1.013,0.477,0.014,0.095
1.013,0.477,0.678,0.789
1.013,0.477,0.352,0.482
1.013,0.477,0.527,0.761
1.013,0.477,0.767,0.234
1.013,0.477,1.71,0.314
1.013,0.477,1.378,0.82
1.013,0.477,1.773,0.31
1.013,0.477,1.832,0.326
1.013,0.477,0.654,0.624
1.013,0.477,0.932,0.805
1.013,0.477,0.419,0.216
1.013,0.477,0.986,0.009
1.013,0.477,1.584,0.484
1.013,0.477,0.318,0.867
1.013,0.477,1.227,0.04
1.013,0.477,0.882,0.148
1.013,0.477,1.854,0.025
1.013,0.477,1.384,0.764
1.013,0.477,0.203,0.612
1.013,0.477,0.929,0.071
1.013,0.477,0.058,0.312
1.013,0.477,0.133,0.637
1.013,0.477,0.842,0.229
1.013,0.477,1.621,0.041
1.013,0.477,1.475,0.724
1.013,0.477,1.883,0.757
1.013,0.477,1.226,0.024
1.013,0.477,1.686,0.213
1.013,0.477,1.373,0.289
1.013,0.477,1.956,0.35
1.013,0.477,1.263,0.904
1.013,0.477,1.703,0.034
1.013,0.477,1.559,0.814
1.013,0.477,1.628,0.166
1.013,0.477,1.142,0.285
1.013,0.477,1.057,0.448
1.013,0.477,0.16,0.828
1.013,0.477,1.37,0.053
1.013,0.477,0.979,0.825
1.013,0.477,1.806,0.593
1.013,0.477,1.853,0.558
1.013,0.477,0.495,0.658
1.013,0.477,1.428,0.38
1.013,0.477,0.031,0.491
1.013,0.477,1.462,0.865
1.013,0.477,1.647,0.943
1.013,0.477,0.591,0.369
1.013,0.477,1.401,0.187
1.013,0.477,1.34,0.381
1.013,0.477,1.872,0.048
1.013,0.477,1.975,0.85
1.013,0.477,1.596,0.235
1.013,0.477,1.1,0.824
1.013,0.477,0.573,0.336
1.013,0.477,0.106,0.579
1.013,0.477,1.77,0.633
1.013,0.477,0.279,0.072
1.013,0.477,1.579,0.663
1.013,0.477,1.654,0.306
1.013,0.477,0.793,0.757
1.013,0.477,1.702,0.306
1.013,0.477,1.069,0.222
1.013,0.477,1.118,0.304
1.013,0.477,0.702,0.783
1.013,0.477,0.581,0.217
1.013,0.477,1.493,0.045
1.013,0.477,1.893,0.532
1.013,0.477,1.937,0.873
1.013,0.477,0.522,0.538
1.013,0.477,1.819,0.732
1.013,0.477,0.266,0.662
1.013,0.477,0.226,0.876
1.013,0.477,0.833,0.279
1.013,0.477,0.841,0.782
1.013,0.477,1.454,0.733
1.013,0.477,1.367,0.612
1.013,0.477,0.809,0.623
1.013,0.477,0.214,0.834
1.013,0.477,1.313,0.617
1.013,0.477,1.814,0.049
1.013,0.477,0.358,0.128
1.013,0.477,0.169,0.142
1.013,0.477,1.663,0.413
1.013,0.477,0.902,0.07
1.013,0.477,0.554,0.719
1.013,0.477,0.027,0.569
1.013,0.477,1.362,0.443
1.013,0.477,0.82,0.284
1.013,0.477,0.432,0.055
1.013,0.477,1.589,0.614
1.013,0.477,0.083,0.543
1.013,0.477,0.5,0.135
1.013,0.477,0.568,0.495
1.013,0.477,1.516,0.752
1.013,0.477,0.413,0.438
1.013,0.477,1.09,0.694
1.013,0.477,1.68,0.434
1.013,0.477,0.342,0.89
1.013,0.477,1.945,0.732
1.013,0.477,1.157,0.68
1.013,0.477,1.281,0.201
1.013,0.477,1.648,0.312
1.013,0.477,1.183,0.95
1.013,0.477,0.365,0.242
1.013,0.477,1.956,0.31
1.013,0.477,0.948,0.293
1.013,0.477,0.814,0.458
1.013,0.477,1.489,0.837
1.013,0.477,0.828,0.201
1.013,0.477,1.58,0.658
1.013,0.477,0.922,0.022
1.013,0.477,0.969,0.287
1.013,0.477,0.527,0.332
1.013,0.477,0.196,0.083
1.013,0.477,0.275,0.833
1.013,0.477,0.751,0.762
1.013,0.477,0.358,0.317
1.013,0.477,1.635,0.732
1.013,0.477,1.823,0.838
1.013,0.477,0.097,0.253
1.013,0.477,0.938,0.464
1.013,0.477,0.786,0.313
1.013,0.477,0.044,0.097
1.013,0.477,1.076,0.44
1.013,0.477,0.594,0.914
1.013,0.477,0.26,0.381
1.013,0.477,0.814,0.008
1.013,0.477,0.809,0.769
1.013,0.477,1.687,0.376
1.013,0.477,0.614,0.731
1.013,0.477,0.803,0.85
1.013,0.477,0.159,0.013
1.013,0.477,1.932,0.264
1.013,0.477,0.93,0.072
1.013,0.477,0.288,0.266
1.013,0.477,0.075,0.403
1.013,0.477,1.418,0.014
1.013,0.477,1.06,0.264
1.013,0.477,0.313,0.663
1.013,0.477,0.491,0.171
1.013,0.477,1.104,0.9
1.013,0.477,0.187,0.221
1.013,0.477,1.06,0.945
1.013,0.477,1.879,0.891
1.013,0.477,1.826,0.408
1.013,0.477,1.75,0.779
1.013,0.477,0.787,0.34
1.013,0.477,1.704,0.834
1.013,0.477,1.178,0.459
1.013,0.477,1.124,0.748
1.013,0.477,0.897,0.74
1.013,0.477,0.126,0.79
1.013,0.477,1.102,0.351
1.013,0.477,0.565,0.439
1.013,0.477,1.685,0.065
1.013,0.477,1.166,0.938
1.013,0.477,1.873,0.06
1.013,0.477,1.239,0.818
1.013,0.477,0.189,0.359
1.013,0.477,0.417,0.727
1.013,0.477,0.891,0.234
1.013,0.477,1.904,0.544
1.013,0.477,0.496,0.126
1.013,0.477,0.801,0.654
1.013,0.477,1.188,0.164
1.013,0.477,0.458,0.758
1.013,0.477,0.709,0.292
1.013,0.477,0.018,0.102
1.013,0.477,0.06,0.204
1.013,0.477,1.922,0.933
1.013,0.477,0.891,0.922
1.013,0.477,0.071,0.311
1.013,0.477,1.358,0.58
1.013,0.477,1.392,0.315
1.013,0.477,1.259,0.592
1.013,0.477,0.765,0.438
1.013,0.477,1.746,0.72
1.013,0.477,0.037,0.824
1.013,0.477,1.695,0.356
1.013,0.477,1.966,0.72
1.013,0.477,0.392,0.062
1.013,0.477,0.394,0.247
1.013,0.477,0.722,0.838
1.013,0.477,0.099,0.535
1.013,0.477,0.937,0.509
1.013,0.477,0.108,0.512
1.013,0.477,0.003,0.727
1.013,0.477,0.072,0.191
1.013,0.477,0.559,0.864
1.013,0.477,1.669,0.288
1.013,0.477,0.213,0.223
1.013,0.477,0.223,0.823
1.013,0.477,0.434,0.808
1.013,0.477,1.367,0.434
1.013,0.477,0.5,0.585
1.013,0.477,0.483,0.6
1.013,0.477,0.749,0.569
1.013,0.477,0.803,0.145
1.013,0.477,0.125,0.436
1.013,0.477,0.202,0.846
1.013,0.477,1.655,0.409
1.013,0.477,0.787,0.585
1.013,0.477,1.215,0.218
1.013,0.477,0.815,0.596
1.013,0.477,1.71,0.392
1.013,0.477,1.775,0.682
1.013,0.477,0.993,0.506
1.013,0.477,0.087,0.936
1.013,0.477,1.969,0.358
1.013,0.477,1.119,0.004
1.013,0.477,0.766,0.675
1.013,0.477,0.55,0.918
1.013,0.477,1.141,0.413
1.013,0.477,1.075,0.074
1.013,0.477,1.328,0.153
1.013,0.477,0.861,0.57
1.013,0.477,0.876,0.114
1.013,0.477,0.942,0.925
1.013,0.477,0.245,0.677
1.013,0.477,1.005,0.044
1.013,0.477,1.474,0.703
1.013,0.477,1.617,0.389
1.013,0.477,0.367,0.535
1.013,0.477,0.409,0.32
1.013,0.477,0.493,0.124
1.013,0.477,1.529,0.299
1.013,0.477,0.385,0.168
1.013,0.477,0.034,0.351
1.013,0.477,0.775,0.364
1.013,0.477,1.266,0.753
1.013,0.477,0.265,0.175
1.013,0.477,0.171,0.557
1.013,0.477,1.939,0.505
1.013,0.477,1.466,0.08
1.013,0.477,0.68,0.753
1.013,0.477,0.988,0.31
1.013,0.477,1.491,0.585
1.013,0.477,1.276,0.497
1.013,0.477,1.769,0.152
1.013,0.477,0.681,0.763
1.013,0.477,0.569,0.183
1.013,0.477,1.621,0.044
1.013,0.477,0.401,0.591
1.013,0.477,0.921,0.528
1.013,0.477,1.9,0.381
1.013,0.477,0.122,0.033
1.013,0.477,0.233,0.923
1.013,0.477,0.955,0.401
1.013,0.477,1.616,0.485
1.013,0.477,1.927,0.932
1.013,0.477,1.938,0.422
1.013,0.477,1.471,0.71
1.013,0.477,1.463,0.862
1.013,0.477,1.675,0.832
1.013,0.477,0.166,0.819
1.013,0.477,0.251,0.646
1.013,0.477,1.891,0.689
1.013,0.477,1.374,0.167
1.013,0.477,1.543,0.395
1.013,0.477,1.66,0.52
1.013,0.477,0.965,0.159
1.013,0.477,0.337,0.314
1.013,0.477,0.631,0.897
1.013,0.477,1.84,0.915
1.013,0.477,1.669,0.386
1.013,0.477,1.544,0.65
1.013,0.477,0.407,0.739
1.013,0.477,1.035,0.42
1.013,0.477,0.38,0.843
1.013,0.477,0.211,0.621
1.013,0.477,1.058,0.561
1.013,0.477,0.369,0.649
1.013,0.477,1.598,0.333
1.013,0.477,1.273,0.198
1.013,0.477,1.538,0.341
1.013,0.477,1.415,0.101
1.013,0.477,1.862,0.222
1.013,0.477,1.926,0.34
1.013,0.477,0.535,0.418
1.013,0.477,0.774,0.323
1.013,0.477,0.061,0.461
1.013,0.477,0.685,0.181
1.013,0.477,1.16,0.508
1.013,0.477,0.68,0.168
1.013,0.477,0.065,0.734
1.013,0.477,1.122,0.817
1.013,0.477,1.738,0.796
1.013,0.477,0.775,0.252
1.013,0.477,0.587,0.103
1.013,0.477,1.111,0.874
1.013,0.477,0.525,0.319
1.013,0.477,1.538,0.365
1.013,0.477,1.445,0.224
1.013,0.477,0.585,0.769
1.013,0.477,1.806,0.072
1.013,0.477,0.492,0.422
1.013,0.477,0.411,0.131
1.013,0.477,0.504,0.08
1.013,0.477,1.32,0.78
1.013,0.477,0.466,0.684
1.013,0.477,1.088,0.161
1.013,0.477,0.848,0.225
1.013,0.477,1.31,0.345
1.013,0.477,0.034,0.324
1.013,0.477,1.128,0.452
1.013,0.477,1.772,0.443
1.013,0.477,1.98,0.503
1.013,0.477,1.869,0.467
1.013,0.477,1.509,0.669
1.013,0.477,0.813,0.438
1.013,0.477,0.568,0.269
1.013,0.477,0.885,0.002
1.013,0.477,1.127,0.396
1.013,0.477,0.39,0.529
1.013,0.477,1.941,0.37
1.013,0.477,1.019,0.931
1.013,0.477,0.003,0.419
1.013,0.477,0.772,0.835
1.013,0.477,0.954,0.884
1.013,0.477,1.731,0.603
1.013,0.477,0.162,0.353
1.013,0.477,0.5,0.09
1.013,0.477,0.028,0.543
1.013,0.477,1.355,0.732
1.013,0.477,0.601,0.766
1.013,0.477,1.514,0.275
1.013,0.477,0.477,0.925
1.013,0.477,0.599,0.93
1.013,0.477,1.464,0.621
1.013,0.477,0.523,0.431
1.013,0.477,0.508,0.628
1.013,0.477,1.238,0.722
1.013,0.477,1.095,0.712
1.013,0.477,0.526,0.458
1.013,0.477,0.787,0.212
1.013,0.477,1.737,0.938
1.013,0.477,1.12,0.544
1.013,0.477,0.76,0.453
1.013,0.477,0.599,0.249
1.013,0.477,0.036,0.145
1.013,0.477,1.026,0.838
1.013,0.477,0.991,0.596
1.013,0.477,0.29,0.587
1.013,0.477,1.642,0.033
1.013,0.477,0.115,0.765
1.013,0.477,1.878,0.093
1.013,0.477,0.155,0.204
1.013,0.477,0.584,0.676
1.013,0.477,1.241,0.871
1.013,0.477,0.782,0.472
1.013,0.477,0.612,0.469
1.013,0.477,0.046,0.637
1.013,0.477,1.251,0.193
1.013,0.477,0.684,0.485
1.013,0.477,0.019,0.301
1.013,0.477,0.209,0.472
1.013,0.477,0.61,0.871
1.013,0.477,1.504,0.85
1.013,0.477,0.127,0.691
1.013,0.477,0.802,0.454
1.013,0.477,1.298,0.287
1.013,0.477,0.504,0.883
1.013,0.477,0.442,0.599
1.013,0.477,1.194,0.602
1.013,0.477,1.484,0.032
1.013,0.477,1.669,0.928
1.013,0.477,1.765,0.562
1.013,0.477,0.723,0.652
1.013,0.477,1.451,0.115
1.013,0.477,1.581,0.59
1.013,0.477,0.148,0.604
1.013,0.477,1.229,0.053
1.013,0.477,1.608,0.867
1.013,0.477,1.484,0.384
1.013,0.477,1.173,0.6
1.013,0.477,1.314,0.786
1.013,0.477,0.963,0.525
1.013,0.477,1.097,0.817
1.013,0.477,1.227,0.442
1.013,0.477,1.98,0.441
1.013,0.477,0.653,0.602
1.013,0.477,0.767,0.522
1.013,0.477,0.108,0.169
1.013,0.477,0.093,0.094
1.013,0.477,1.479,0.897
1.013,0.477,0.945,0.342
1.013,0.477,0.408,0.026
1.013,0.477,0.424,0.756
1.013,0.477,0.047,0.443
1.013,0.477,1.603,0.711
1.013,0.477,1.961,0.899
1.013,0.477,1.652,0.802
1.013,0.477,0.172,0.06
1.013,0.477,0.251,0.107
1.013,0.477,1.415,0.261
1.013,0.477,1.567,0.581
1.013,0.477,0.833,0.551
1.013,0.477,0.141,0.353
1.013,0.477,0.242,0.501
1.013,0.477,1.993,0.628
1.013,0.477,1.179,0.726
1.013,0.477,1.516,0.307
1.013,0.477,1.005,0.742
1.013,0.477,1.28,0.7
1.013,0.477,1.715,0.789
1.013,0.477,0.489,0.212
1.013,0.477,0.36,0.016
1.013,0.477,0.264,0.297
1.013,0.477,0.837,0.427
1.013,0.477,1.307,0.584
1.013,0.477,0.866,0.284
1.013,0.477,0.381,0.527
1.013,0.477,1.554,0.865
1.013,0.477,1.497,0.507
1.013,0.477,1.249,0.878
1.013,0.477,1.588,0.331
1.013,0.477,0.995,0.553
1.013,0.477,1.408,0.913
1.013,0.477,1.508,0.284
1.013,0.477,0.051,0.11
1.013,0.477,0.863,0.447
1.013,0.477,1.459,0.25
1.013,0.477,0.154,0.487
1.013,0.477,1.707,0.087
1.013,0.477,1.522,0.482
1.013,0.477,0.737,0.499
1.013,0.477,0.664,0.522
1.013,0.477,0.722,0.147
1.013,0.477,1.236,0.822
1.013,0.477,0.402,0.932
1.013,0.477,0.252,0.881
1.013,0.477,1.1,0.863
1.013,0.477,0.969,0.067
1.013,0.477,1.253,0.713
1.013,0.477,1.88,0.756
1.013,0.477,1.084,0.378
1.013,0.477,1.626,0.44
1.013,0.477,1.041,0.715
1.013,0.477,1.856,0.073
1.013,0.477,1.682,0.898
1.013,0.477,1.346,0.082
1.013,0.477,1.689,0.576
1.013,0.477,0.322,0.336
1.013,0.477,1.075,0.749
1.013,0.477,1.495,0.033
1.013,0.477,1.351,0.405
1.013,0.477,0.247,0.198
1.013,0.477,0.947,0.743
1.013,0.477,0.357,0.706
1.013,0.477,0.133,0.922
1.013,0.477,0.005,0.347
1.013,0.477,1.548,0.385
1.013,0.477,1.786,0.494
1.013,0.477,0.938,0.736
1.013,0.477,0.215,0.023
1.013,0.477,1.701,0.351
1.013,0.477,1.831,0.006
1.013,0.477,1.9,0.027
1.013,0.477,1.911,0.066
1.013,0.477,1.042,0.739
1.013,0.477,1.841,0.923
1.013,0.477,0.115,0.312
1.013,0.477,1.88,0.2
1.013,0.477,0.161,0.528
1.013,0.477,1.682,0.588
1.013,0.477,0.902,0.885
1.013,0.477,0.385,0.731
1.013,0.477,1.822,0.672
1.013,0.477,1.76,0.051
1.013,0.477,0.241,0.883
1.013,0.477,1.901,0.142
1.013,0.477,1.359,0.613
1.013,0.477,0.37,0.018
1.013,0.477,0.812,0.469
1.013,0.477,1.429,0.693
1.013,0.477,1.1,0.117
1.013,0.477,0.17,0.562
1.013,0.477,0.555,0.392
1.013,0.477,0.221,0.416
1.013,0.477,1.424,0.283
1.013,0.477,1.187,0.255
1.013,0.477,0.29,0.521
1.013,0.477,0.284,0.743
1.013,0.477,0.315,0.901
1.013,0.477,1.424,0.943
1.013,0.477,0.03,0.289
1.013,0.477,0.652,0.083
1.013,0.477,1.557,0.392
1.013,0.477,1.769,0.497
1.013,0.477,1.849,0.587
1.013,0.477,0.701,0.442
1.013,0.477,1.508,0.548
1.013,0.477,0.845,0.47
1.013,0.477,1.662,0.834
1.013,0.477,0.509,0.12
1.013,0.477,1.081,0.414
1.013,0.477,1.673,0.463
1.013,0.477,1.937,0.035
1.013,0.477,0.695,0.793
1.013,0.477,0.303,0.738
1.013,0.477,0.216,0.862
1.013,0.477,1.762,0.361
1.013,0.477,1.288,0.137
1.013,0.477,0.503,0.791
1.013,0.477,1.148,0.512
1.013,0.477,0.217,0.786
1.013,0.477,1.645,0.666
1.013,0.477,0.22,0.834
1.013,0.477,1.575,0.799
1.013,0.477,1.987,0.866
1.013,0.477,1.86,0.029
1.013,0.477,0.461,0.201
1.013,0.477,0.511,0.714
1.013,0.477,0.018,0.162
1.013,0.477,0.344,0.938
1.013,0.477,0.864,0.586
1.013,0.477,1.233,0.786
1.013,0.477,0.77,0.894
1.013,0.477,0.033,0.658
1.013,0.477,1.479,0.23
1.013,0.477,0.649,0.366
1.013,0.477,0.91,0.891
1.013,0.477,0.509,0.058
1.013,0.477,0.916,0.221
1.013,0.477,1.556,0.644
1.013,0.477,1.829,0.414
1.013,0.477,0.587,0.357
1.013,0.477,0.681,0.3
1.013,0.477,0.872,0.095
1.013,0.477,0.425,0.884
1.013,0.477,1.057,0.885
1.013,0.477,1.433,0.761
1.013,0.477,0.163,0.627
1.013,0.477,0.409,0.866
1.013,0.477,0.777,0.585
1.013,0.477,1.92,0.073
1.013,0.477,1.967,0.564
1.013,0.477,0.339,0.206
1.013,0.477,0.753,0.41
1.013,0.477,1.738,0.432
1.013,0.477,0.505,0.097
1.013,0.477,0.605,0.69
1.013,0.477,0.566,0.943
1.013,0.477,1.554,0.254
1.013,0.477,1.167,0.627
1.013,0.477,1.177,0.22
1.013,0.477,1.423,0.691
1.013,0.477,0.947,0.317
1.013,0.477,0.73,0.795
1.013,0.477,0.148,0.334
1.013,0.477,0.978,0.819
1.013,0.477,1.2,0.371
1.013,0.477,1.756,0.354
1.013,0.477,1.624,0.579
1.013,0.477,1.458,0.395
1.013,0.477,0.666,0.14
1.013,0.477,1.397,0.18
1.013,0.477,1.016,0.129
1.013,0.477,0.335,0.938
1.013,0.477,1.459,0.938
1.013,0.477,0.203,0.074
1.013,0.477,0.295,0.883
1.013,0.477,1.729,0.92
1.013,0.477,0.213,0.48
1.013,0.477,1.825,0.453
1.013,0.477,1.665,0.021
1.013,0.477,1.825,0.195
1.013,0.477,0.986,0.814
1.013,0.477,0.639,0.096
1.013,0.477,0.725,0.838
1.013,0.477,1.747,0.62
1.013,0.477,1.044,0.395
1.013,0.477,1.393,0.444
1.013,0.477,1.778,0.299
1.013,0.477,1.674,0.356
1.013,0.477,0.734,0.614
1.013,0.477,1.979,0.278
1.013,0.477,1.488,0.627
1.013,0.477,1.673,0.074
1.013,0.477,1.991,0.793
1.013,0.477,0.698,0.302
1.013,0.477,0.977,0.335
1.013,0.477,0.409,0.602
1.013,0.477,0.198,0.461
1.013,0.477,0.386,0.419
1.013,0.477,1.457,0.359
1.013,0.477,1.078,0.362
1.013,0.477,1.241,0.771
1.013,0.477,1.669,0.854
1.013,0.477,1.356,0.882
1.013,0.477,1.659,0.868
1.013,0.477,1.066,0.838
1.013,0.477,0.363,0.562
1.013,0.477,0.517,0.357
1.013,0.477,1.923,0.335
1.013,0.477,0.092,0.363
1.013,0.477,1.148,0.601
1.013,0.477,1.692,0.925
1.013,0.477,0.57,0.569
1.013,0.477,0.055,0.07
1.013,0.477,0.88,0.75
1.013,0.477,1.749,0.63
1.013,0.477,1.042,0.823
1.013,0.477,0.858,0.895
1.013,0.477,0.457,0.129
1.013,0.477,0.466,0.038
1.013,0.477,0.1,0.209
1.013,0.477,0.75,0.65
1.013,0.477,0.942,0.171
1.013,0.477,0.894,0.905
1.013,0.477,1.778,0.755
1.013,0.477,1.517,0.327
1.013,0.477,1.759,0.463
1.013,0.477,1.368,0.943
1.013,0.477,0.94,0.485
1.013,0.477,0.811,0.248
1.013,0.477,1.295,0.455
1.013,0.477,0.059,0.33
1.013,0.477,0.922,0.021
1.013,0.477,1.59,0.14
1.013,0.477,0.176,0.327
1.013,0.477,0.174,0.557
1.013,0.477,1.023,0.097
1.013,0.477,1.59,0.817
1.013,0.477,1.833,0.734
1.013,0.477,0.594,0.687
1.013,0.477,1.248,0.18
1.013,0.477,1.006,0.119
1.013,0.477,0.788,0.921
1.013,0.477,1.463,0.577
1.013,0.477,1.829,0.124
1.013,0.477,0.471,0.534
1.013,0.477,1.719,0.115
1.013,0.477,1.615,0.782
1.013,0.477,0.881,0.228
1.013,0.477,0.62,0.845
1.013,0.477,1.831,0.784
1.013,0.477,0.948,0.855
1.013,0.477,1.438,0.884
1.013,0.477,0.496,0.04
1.013,0.477,1.266,0.802
1.013,0.477,1.746,0.397
1.013,0.477,1.681,0.217
1.013,0.477,1.073,0.655
1.013,0.477,0.487,0.691
1.013,0.477,0.374,0.595
1.013,0.477,0.326,0.503
1.013,0.477,0.037,0.7
1.013,0.477,1.495,0.41
1.013,0.477,0.074,0.782
1.013,0.477,1.203,0.187
1.013,0.477,0.049,0.12
1.013,0.477,0.333,0.213
1.013,0.477,0.014,0.896
1.013,0.477,1.724,0.839
1.013,0.477,1.228,0.349
1.013,0.477,1.523,0.899
1.013,0.477,1.448,0.827
1.013,0.477,1.933,0.582
1.013,0.477,0.365,0.228
1.013,0.477,1.025,0.389
1.013,0.477,0.379,0.538
1.013,0.477,1.502,0.061
1.013,0.477,0.189,0.718
1.013,0.477,1.965,0.595
1.013,0.477,1.984,0.554
1.013,0.477,0.86,0.464
1.013,0.477,1.721,0.505
1.013,0.477,0.893,0.779
1.013,0.477,0.649,0.086
1.013,0.477,1.712,0.193
1.013,0.477,1.146,0.801
1.013,0.477,0.976,0.445
1.013,0.477,1.671,0.826
1.013,0.477,1.86,0.773
1.013,0.477,0.636,0.721
1.013,0.477,0.707,0.204
1.013,0.477,0.996,0.813
1.013,0.477,0.176,0.535
1.013,0.477,0.852,0.35
1.013,0.477,1.642,0.646
1.013,0.477,0.259,0.354
1.013,0.477,0.111,0.297
1.013,0.477,0.361,0.126
1.013,0.477,0.776,0.605
1.013,0.477,0.603,0.44
1.013,0.477,0.473,0.138
1.013,0.477,1.978,0.76
1.013,0.477,0.514,0.223
1.013,0.477,1.931,0.168
1.013,0.477,1.777,0.185
1.013,0.477,0.148,0.54
1.013,0.477,1.842,0.377
1.013,0.477,1.303,0.67
1.013,0.477,1.773,0.784
1.013,0.477,1.973,0.305
1.013,0.477,1.635,0.702
1.013,0.477,1.797,0.108
1.013,0.477,0.643,0.699
1.013,0.477,0.924,0.1
1.013,0.477,1.077,0.168
1.013,0.477,1.644,0.106
1.013,0.477,1.214,0.892
1.013,0.477,0.618,0.198
1.013,0.477,0.44,0.586
1.013,0.477,0.277,0.492
1.013,0.477,1.591,0.342
1.013,0.477,1.123,0.232
1.013,0.477,0.029,0.095
1.013,0.477,0.816,0.447
1.013,0.477,1.941,0.721
1.013,0.477,0.367,0.779
1.013,0.477,1.513,0.674
1.013,0.477,1.26,0.119
1.013,0.477,1.112,0.726
1.013,0.477,0.286,0.811
1.013,0.477,1.345,0.763
1.013,0.477,0.3,0.5
1.013,0.477,1.262,0.38
1.013,0.477,0.042,0.306
1.013,0.477,0.407,0.926
1.013,0.477,1.265,0.518
1.013,0.477,0.521,0.033
1.013,0.477,0.567,0.75
1.013,0.477,1.113,0.256
1.013,0.477,0.601,0.011
1.013,0.477,0.881,0.382
1.013,0.477,0.723,0.725
1.013,0.477,1.938,0.728
1.013,0.477,1.794,0.8
1.013,0.477,1.621,0.771
1.013,0.477,1.734,0.024
1.013,0.477,1.868,0.494
1.013,0.477,1.461,0.512
1.013,0.477,0.977,0.664
1.013,0.477,1.425,0.308
1.013,0.477,0.964,0.775
1.013,0.477,1.344,0.23
1.013,0.477,1.185,0.532
1.013,0.477,0.287,0.854
1.013,0.477,0.598,0.738
1.013,0.477,0.377,0.291
1.013,0.477,0.787,0.076
1.013,0.477,1.958,0.467
1.013,0.477,0.556,0.125
1.013,0.477,1.067,0.793
1.013,0.477,1.65,0.36
1.013,0.477,0.455,0.922
1.013,0.477,1.236,0.439
1.013,0.477,0.477,0.809
1.013,0.477,1.169,0.094
1.013,0.477,1.173,0.489
1.013,0.477,1.011,0.486
1.013,0.477,0.597,0.001
1.013,0.477,0.206,0.46
1.013,0.477,0.059,0.925
1.013,0.477,0.645,0.016
1.013,0.477,1.036,0.722
1.013,0.477,1.303,0.095
1.013,0.477,0.987,0.359
1.013,0.477,1.689,0.861
1.013,0.477,0.849,0.875
1.013,0.477,0.29,0.032
1.013,0.477,0.855,0.004
1.013,0.477,0.769,0.135
1.013,0.477,1.538,0.106
1.013,0.477,0.121,0.11
1.013,0.477,1.716,0.527
1.013,0.477,0.289,0.341
1.013,0.477,1.358,0.282
1.013,0.477,1.66,0.009
1.013,0.477,0.957,0.299
1.013,0.477,0.434,0.647
1.013,0.477,1.848,0.366
1.013,0.477,1.492,0.798
1.013,0.477,1.846,0.096
1.013,0.477,1.146,0.914
1.013,0.477,1.454,0.796
1.013,0.477,1.329,0.475
1.013,0.477,0.73,0.26
1.013,0.477,0.223,0.452
1.013,0.477,1.911,0.484
1.013,0.477,0.056,0.406
1.013,0.477,0.564,0.728
1.013,0.477,1.701,0.277
1.013,0.477,0.688,0.362
1.013,0.477,0.505,0.582
1.013,0.477,1.74,0.43
1.013,0.477,0.915,0.73
1.013,0.477,0.058,0.876
1.013,0.477,0.829,0.047
1.013,0.477,1.421,0.459
1.013,0.477,1.369,0.74
1.013,0.477,0.857,0.913
1.013,0.477,1.585,0.702
1.013,0.477,0.539,0.291
1.013,0.477,0.474,0.005
1.013,0.477,0.099,0.107
1.013,0.477,0.775,0.025
1.013,0.477,0.623,0.746
1.013,0.477,0.163,0.105
1.013,0.477,1.916,0.127
1.013,0.477,0.52,0.442
1.013,0.477,0.526,0.334
1.013,0.477,1.92,0.27
1.013,0.477,1.422,0.555
1.013,0.477,0.21,0.064
1.013,0.477,0.827,0.601
1.013,0.477,1.737,0.658
1.013,0.477,1.346,0.454
1.013,0.477,0.43,0.554
1.013,0.477,0.979,0.031
1.013,0.477,0.832,0.672
1.013,0.477,1.944,0.572
1.013,0.477,0.17,0.505
1.013,0.477,0.964,0.243
1.013,0.477,0.745,0.641
1.013,0.477,0.125,0.205
1.013,0.477,0.054,0.195
1.013,0.477,1.503,0.94
1.013,0.477,0.614,0.706
1.013,0.477,1.132,0.475
1.013,0.477,1.109,0.702
1.013,0.477,0.227,0.226
1.013,0.477,1.201,0.264
1.013,0.477,1.343,0.298
1.013,0.477,1.663,0.684
1.013,0.477,0.339,0.834
1.013,0.477,0.097,0.41
1.013,0.477,0.201,0.751
1.013,0.477,1.747,0.042
1.013,0.477,0.728,0.38
1.013,0.477,0.64,0.326
1.013,0.477,0.288,0.372
1.013,0.477,0.126,0.904
1.013,0.477,1.731,0.197
1.013,0.477,1.357,0.322
1.013,0.477,0.822,0.02
1.013,0.477,1.313,0.142
1.013,0.477,0.238,0.017
1.013,0.477,0.154,0.737
1.013,0.477,1.457,0.49
1.013,0.477,0.368,0.153
1.013,0.477,0.066,0.455
1.013,0.477,1.092,0.724
1.013,0.477,0.666,0.931
1.013,0.477,1.766,0.738
1.013,0.477,0.955,0.673
1.013,0.477,1.889,0.342
1.013,0.477,0.161,0.582
1.013,0.477,0.592,0.279
1.013,0.477,0.189,0.162
1.013,0.477,1.625,0.067
1.013,0.477,0.143,0.143
1.013,0.477,1.761,0.656
1.013,0.477,0.29,0.28
1.013,0.477,1.169,0.803
1.013,0.477,0.387,0.863
1.013,0.477,0.603,0.636
1.013,0.477,1.356,0.309
1.013,0.477,0.309,0.304
1.013,0.477,1.989,0.876
1.013,0.477,1.925,0.009
1.013,0.477,1.387,0.379
1.013,0.477,0.696,0.88
1.013,0.477,1.346,0.242
1.013,0.477,1.241,0.916
1.013,0.477,0.035,0.583
1.013,0.477,0.424,0.114
1.013,0.477,1.924,0.193
1.013,0.477,1.465,0.512
1.013,0.477,1.194,0.407
1.013,0.477,0.472,0.677
1.013,0.477,1.226,0.519
1.013,0.477,1.106,0.692
1.013,0.477,1.495,0.827
1.013,0.477,0.886,0.351
1.013,0.477,0.805,0.914
1.013,0.477,1.005,0.264
1.013,0.477,0.519,0.253
1.013,0.477,0.125,0.043
1.013,0.477,1.536,0.386
1.013,0.477,0.688,0.1
1.013,0.477,0.891,0.556
1.013,0.477,0.119,0.547
1.013,0.477,0.898,0.04
1.013,0.477,1.806,0.924
1.013,0.477,0.712,0.469
1.013,0.477,0.568,0.233
1.013,0.477,1.199,0.733
1.013,0.477,1.898,0.061
1.013,0.477,0.735,0.176
1.013,0.477,0.172,0.012
1.013,0.477,1.287,0.92
1.013,0.477,1.535,0.789
1.013,0.477,1.546,0.272
1.013,0.477,1.151,0.074
1.013,0.477,0.935,0.791
1.013,0.477,0.488,0.761
1.013,0.477,1.839,0.439
1.013,0.477,1.304,0.656
1.013,0.477,0.493,0.471
1.013,0.477,1.598,0.626
1.013,0.477,0.666,0.086
1.013,0.477,0.315,0.338
1.013,0.477,1.28,0.85
1.013,0.477,0.27,0.733
1.013,0.477,1.031,0.48
1.013,0.477,1.44,0.288
1.013,0.477,1.238,0.934
1.013,0.477,1.268,0.529
1.013,0.477,0.532,0.891
1.013,0.477,0.639,0.074
1.013,0.477,1.214,0.356
1.013,0.477,0.579,0.31
1.013,0.477,1.142,0.149
1.013,0.477,0.454,0.375
1.013,0.477,0.287,0.455
1.013,0.477,0.979,0.246
1.013,0.477,0.763,0.062
1.013,0.477,0.647,0.002
1.013,0.477,0.956,0.856
1.013,0.477,0.18,0.79
1.013,0.477,0.249,0.511
1.013,0.477,0.981,0.87
1.013,0.477,1.687,0.059
1.013,0.477,1.983,0.742
1.013,0.477,1.213,0.556
1.013,0.477,1.155,0.235
1.013,0.477,1.344,0.594
1.013,0.477,0.702,0.034
1.013,0.477,1.167,0.066
1.013,0.477,0.467,0.359
1.013,0.477,1.814,0.266
1.013,0.477,1.427,0.923
1.013,0.477,1.086,0.443
1.013,0.477,0.127,0.814
1.013,0.477,0.967,0.04
1.013,0.477,1.398,0.277
1.013,0.477,0.648,0.79
1.013,0.477,0.931,0.234
1.013,0.477,1.388,0.191
1.013,0.477,1.448,0.47
1.013,0.477,0.322,0.882
1.013,0.477,1.333,0.06
1.013,0.477,1.015,0.153
1.013,0.477,1.523,0.73
1.013,0.477,1.491,0.741
1.013,0.477,1.128,0.168
1.013,0.477,0.154,0.533
1.013,0.477,0.592,0.039
1.013,0.477,0.748,0.447
1.013,0.477,1.37,0.704
1.013,0.477,1.88,0.165
1.013,0.477,0.264,0.774
1.013,0.477,1.145,0.407
1.013,0.477,0.257,0.393
1.013,0.477,1.009,0.182
1.013,0.477,1.11,0.69
1.013,0.477,1.019,0.444
1.013,0.477,1.554,0.087
1.013,0.477,1.25,0.341
1.013,0.477,0.602,0.412
1.013,0.477,1.134,0.287
1.013,0.477,1.812,0.864
1.013,0.477,1.263,0.871
1.013,0.477,0.295,0.359
1.013,0.477,1.643,0.658
1.013,0.477,1.991,0.787
1.013,0.477,1.742,0.869
1.013,0.477,0.326,0.164
1.013,0.477,0.85,0.424
1.013,0.477,1.232,0.836
1.013,0.477,1.257,0.102
1.013,0.477,0.629,0.405
1.013,0.477,0.355,0.498
1.013,0.477,1.635,0.368
1.013,0.477,0.732,0.441
1.013,0.477,0.122,0.437
1.013,0.477,0.788,0.571
1.013,0.477,0.073,0.315
1.013,0.477,1.496,0.735
1.013,0.477,0.224,0.665
1.013,0.477,0.106,0.128
1.013,0.477,0.525,0.829
1.013,0.477,1.904,0.474
1.013,0.477,0.265,0.467
1.013,0.477,1.776,0.638
1.013,0.477,0.373,0.568
1.013,0.477,0.355,0.369
1.013,0.477,1.382,0.889
1.013,0.477,0.099,0.169
1.013,0.477,1.893,0.238
1.013,0.477,1.238,0.279
1.013,0.477,0.718,0.776
1.013,0.477,1.601,0.612
1.013,0.477,0.041,0.162
1.013,0.477,1.913,0.673
1.013,0.477,1.431,0.568
1.013,0.477,1.25,0.051
1.013,0.477,0.556,0.512
1.013,0.477,1.892,0.94
1.013,0.477,0.615,0.072
1.013,0.477,1.377,0.766
1.013,0.477,0.765,0.803
1.013,0.477,0.154,0.819
1.013,0.477,1.871,0.505
1.013,0.477,0.1,0.451
1.013,0.477,1.832,0.088
1.013,0.477,1.004,0.851
1.013,0.477,1.928,0.014
1.013,0.477,0.55,0.656
1.013,0.477,0.117,0.168
1.013,0.477,1.848,0.906
1.013,0.477,1.071,0.165
1.013,0.477,1.593,0.655
1.013,0.477,1.591,0.766
1.013,0.477,1.961,0.009
1.013,0.477,1.157,0.333
1.013,0.477,0.87,0.816
1.013,0.477,0.17,0.903
1.013,0.477,0.638,0.256
1.013,0.477,0.614,0.294
1.013,0.477,1.098,0.822
1.013,0.477,1.746,0.181
1.013,0.477,1.815,0.145
1.013,0.477,0.73,0.797
1.013,0.477,1.063,0.407
1.013,0.477,1.102,0.445
1.013,0.477,1.5,0.504
1.013,0.477,1.379,0.911
1.013,0.477,1.322,0.3
1.013,0.477,0.719,0.022
1.013,0.477,0.278,0.688
1.013,0.477,1.921,0.06
1.013,0.477,0.609,0.349
1.013,0.477,1.354,0.564
1.013,0.477,1.611,0.358
1.013,0.477,0.854,0.395
1.013,0.477,0.036,0.054
1.013,0.477,0.007,0.487
1.013,0.477,0.379,0.928
1.013,0.477,1.936,0.257
1.013,0.477,1.657,0.053
1.013,0.477,1.598,0.69
1.013,0.477,0.092,0.645
1.013,0.477,0.115,0.307
1.013,0.477,0.679,0.142
1.013,0.477,0.072,0.133
1.013,0.477,0.656,0.88
1.013,0.477,0.074,0.092
1.013,0.477,0.754,0.928
1.013,0.477,1.694,0.562
1.013,0.477,1.35,0.926
1.013,0.477,1.132,0.227
1.013,0.477,1.675,0.291
1.013,0.477,1.964,0.85
1.013,0.477,0.045,0.341
1.013,0.477,0.557,0.194
1.013,0.477,0.341,0.018
1.013,0.477,1.412,0.398
1.013,0.477,1.937,0.24
1.013,0.477,1.812,0.033
1.013,0.477,1.765,0.229
1.013,0.477,1.117,0.611
1.013,0.477,0.986,0.321
1.013,0.477,0.601,0.652
1.013,0.477,1.498,0.34
1.013,0.477,1.569,0.397
1.013,0.477,0.784,0.541
1.013,0.477,0.124,0.899
1.013,0.477,1.505,0.501
1.013,0.477,0.21,0.919
1.013,0.477,0.011,0.835
1.013,0.477,0.151,0.487
1.013,0.477,0.751,0.041
1.013,0.477,0.025,0.114
1.013,0.477,1.958,0.623
1.013,0.477,1.103,0.835
1.013,0.477,0.263,0.942
1.013,0.477,0.358,0.252
1.013,0.477,1.605,0.759
1.013,0.477,0.796,0.742
1.013,0.477,1.713,0.922
1.013,0.477,1.77,0.51
1.013,0.477,0.132,0.518
1.013,0.477,1.87,0.455
1.013,0.477,1.599,0.84
1.013,0.477,0.365,0.055
1.013,0.477,0.161,0.258
1.013,0.477,1.624,0.264
1.013,0.477,1.15,0.373
1.013,0.477,0.226,0.349
1.013,0.477,1.215,0.692
1.013,0.477,1.349,0.463
1.013,0.477,0.308,0.022
1.013,0.477,1.819,0.322
1.013,0.477,1.634,0.206
1.013,0.477,0.373,0.113
1.013,0.477,0.375,0.366
1.013,0.477,0.22,0.171
1.013,0.477,1.794,0.245
1.013,0.477,0.598,0.168
1.013,0.477,1.369,0.524
1.013,0.477,0.744,0.224
1.013,0.477,1.422,0.185
1.013,0.477,1.87,0.813
1.013,0.477,0.485,0.549
1.013,0.477,1.051,0.545
1.013,0.477,0.933,0.404
1.013,0.477,0.478,0.377
1.013,0.477,1.523,0.031
1.013,0.477,0.817,0.942
1.013,0.477,1.4,0.722
1.013,0.477,1.114,0.605
1.013,0.477,0.973,0.259
1.013,0.477,0.159,0.409
1.013,0.477,0.971,0.949
1.013,0.477,1.815,0.283
1.013,0.477,0.853,0.293
1.013,0.477,0.169,0.225
1.013,0.477,1.955,0.426
1.013,0.477,0.557,0.888
1.013,0.477,0.895,0.731
1.013,0.477,0.492,0.071
1.013,0.477,1.116,0.846
1.013,0.477,0.553,0.088
1.013,0.477,1.609,0.942
1.013,0.477,1.782,0.636
1.013,0.477,1.369,0.705
1.013,0.477,1.373,0.311
1.013,0.477,1.324,0.835
1.013,0.477,1.874,0.861
1.013,0.477,0.35,0.803
1.013,0.477,0.902,0.107
1.013,0.477,0.215,0.326
1.013,0.477,0.115,0.089
1.013,0.477,1.968,0.626
1.013,0.477,1.371,0.429
1.013,0.477,1.997,0.013
1.013,0.477,0.586,0.472
1.013,0.477,0.559,0.603
1.013,0.477,1.077,0.348
1.013,0.477,1.352,0.831
1.013,0.477,0.1,0.508
1.013,0.477,1.907,0.289
1.013,0.477,0.029,0.255
1.013,0.477,1.582,0.619
1.013,0.477,1.811,0.304
1.013,0.477,0.679,0.167
1.013,0.477,1.312,0.856
1.013,0.477,0.846,0.357
1.013,0.477,0.132,0.766
1.013,0.477,1.743,0.682
1.013,0.477,0.842,0.475
1.013,0.477,1.895,0.77
1.013,0.477,0.933,0.133
1.013,0.477,1.148,0.002
1.013,0.477,0.768,0.31
1.013,0.477,0.632,0.705
1.013,0.477,1.188,0.739
1.013,0.477,0.446,0.796
1.013,0.477,0.088,0.362
1.013,0.477,1.93,0.509
1.013,0.477,0.057,0.46
1.013,0.477,0.501,0.043
1.013,0.477,0.343,0.773
1.013,0.477,0.802,0.637
1.013,0.477,1.472,0.833
1.013,0.477,1.497,0.227
1.013,0.477,0.151,0.373
1.013,0.477,0.897,0.005
1.013,0.477,1.951,0.307
1.013,0.477,1.269,0.403
1.013,0.477,0.515,0.096
1.013,0.477,0.685,0.147
1.013,0.477,1.808,0.565
1.013,0.477,0.896,0.417
1.013,0.477,0.252,0.81
1.013,0.477,1.807,0.826
1.013,0.477,1.209,0.111
1.013,0.477,0.735,0.569
1.013,0.477,0.891,0.017
1.013,0.477,1.958,0.618
1.013,0.477,0.419,0.494
1.013,0.477,0.373,0.718
1.013,0.477,1.961,0.331
1.013,0.477,0.992,0.006
1.013,0.477,1.877,0.941
1.013,0.477,0.654,0.313
1.013,0.477,1.861,0.841
1.013,0.477,1.129,0.246
1.013,0.477,1.505,0.456
1.013,0.477,0.056,0.736
1.013,0.477,1.975,0.181
1.013,0.477,0.714,0.01
1.013,0.477,0.451,0.781
1.013,0.477,1.683,0.236
1.013,0.477,1.066,0.641
1.013,0.477,0.713,0.319
1.013,0.477,1.199,0.217
1.013,0.477,0.034,0.574
1.013,0.477,1.084,0.751
1.013,0.477,0.726,0.073
1.013,0.477,1.264,0.603
1.013,0.477,0.012,0.247
1.013,0.477,1.933,0.031
1.013,0.477,1.595,0.698
1.013,0.477,0.365,0.476
1.013,0.477,0.11,0.686
1.013,0.477,1.565,0.546
1.013,0.477,0.458,0.618
1.013,0.477,0.376,0.396
1.013,0.477,0.512,0.055
1.013,0.477,0.356,0.273
1.013,0.477,1.117,0.435
1.013,0.477,1.397,0.541
1.013,0.477,1.536,0.885
1.013,0.477,0.723,0.638
1.013,0.477,0.534,0.394
1.013,0.477,1.892,0.532
1.013,0.477,0.751,0.102
1.013,0.477,1.68,0.249
1.013,0.477,1.476,0.21
1.013,0.477,0.115,0.813
1.013,0.477,0.15,0.892
1.013,0.477,0.295,0.267
1.013,0.477,0.848,0.822
1.013,0.477,1.555,0.542
1.013,0.477,0.3,0.705
1.013,0.477,0.74,0.448
1.013,0.477,0.51,0.123
1.013,0.477,0.701,0.471
1.013,0.477,1.973,0.179
1.013,0.477,0.538,0.932
1.013,0.477,0.813,0.826
1.013,0.477,1.432,0.66
1.013,0.477,0.629,0.504
1.013,0.477,1.72,0.555
1.013,0.477,1.279,0.138
1.013,0.477,0.185,0.678
1.013,0.477,1.461,0.767
1.013,0.477,0.561,0.753
1.013,0.477,0.888,0.069
1.013,0.477,1.451,0.255
1.013,0.477,0.057,0.416
1.013,0.477,1.387,0.392
1.013,0.477,0.988,0.448
1.013,0.477,1.054,0.343
1.013,0.477,1.111,0.182
1.013,0.477,0.27,0.545
1.013,0.477,1.123,0.01
1.013,0.477,0.304,0.726
1.013,0.477,1.305,0.117
1.013,0.477,0.171,0.21
1.013,0.477,1.619,0.289
1.013,0.477,0.568,0.199
1.013,0.477,0.342,0.831
1.013,0.477,1.071,0.496
1.013,0.477,0.025,0.547
1.013,0.477,0.123,0.713
1.013,0.477,0.128,0.283
1.013,0.477,1.48,0.53
1.013,0.477,0.512,0.012
1.013,0.477,1.159,0.524
1.013,0.477,1.266,0.383
1.013,0.477,0.149,0.825
1.013,0.477,0.098,0.039
1.013,0.477,0.059,0.037
1.013,0.477,0.125,0.66
1.013,0.477,1.839,0.304
1.013,0.477,1.185,0.5
1.013,0.477,0.033,0.312
1.013,0.477,0.872,0.208
1.013,0.477,0.647,0.67
1.013,0.477,0.606,0.817
1.013,0.477,1.595,0.074
1.013,0.477,0.368,0.868
1.013,0.477,1.431,0.294
1.013,0.477,0.361,0.173
1.013,0.477,0.438,0.937
1.013,0.477,0.187,0.626
1.013,0.477,1.422,0.142
1.013,0.477,0.386,0.854
1.013,0.477,0.546,0.049
1.013,0.477,0.765,0.69
1.013,0.477,0.092,0.296
1.013,0.477,1.17,0.864
1.013,0.477,0.25,0.19
1.013,0.477,1.38,0.058
1.013,0.477,0.615,0.828
1.013,0.477,0.118,0.907
1.013,0.477,1.622,0.911
1.013,0.477,0.35,0.25
1.013,0.477,1.107,0.66
1.013,0.477,0.471,0.068
1.013,0.477,0.071,0.875
1.013,0.477,0.536,0.082
1.013,0.477,0.662,0.25
1.013,0.477,0.392,0.167
1.013,0.477,0.519,0.082
1.013,0.477,1.062,0.819
1.013,0.477,0.459,0.478
1.013,0.477,1.909,0.505
1.013,0.477,0.326,0.109
1.013,0.477,0.175,0.703
1.013,0.477,1.86,0.304
1.013,0.477,1.671,0.418
1.013,0.477,1.761,0.376
1.013,0.477,0.846,0.408
1.013,0.477,0.849,0.563
1.013,0.477,0.051,0.212
1.013,0.477,1.619,0.023
1.013,0.477,0.911,0.164
1.013,0.477,1.598,0.206
1.013,0.477,0.209,0.859
1.013,0.477,1.39,0.399
1.013,0.477,0.853,0.895
1.013,0.477,0.467,0.311
1.013,0.477,0.033,0.692
1.013,0.477,0.275,0.766
1.013,0.477,1.008,0.686
1.013,0.477,0.034,0.474
1.013,0.477,1.137,0.36
1.013,0.477,1.295,0.224
1.013,0.477,0.906,0.223
1.013,0.477,1.812,0.736
1.013,0.477,1.137,0.924
1.013,0.477,1.698,0.915
1.013,0.477,1.526,0.242
1.013,0.477,1.675,0.139
1.013,0.477,1.304,0.703
1.013,0.477,0.997,0.23
1.013,0.477,1.761,0.89
1.013,0.477,1.903,0.424
1.013,0.477,1.448,0.831
1.013,0.477,0.382,0.391
1.013,0.477,1.35,0.659
1.013,0.477,1.175,0.527
1.013,0.477,0.852,0.529
1.013,0.477,0.707,0.705
1.013,0.477,0.608,0.451
1.013,0.477,1.152,0.788
1.013,0.477,1.44,0.147
1.013,0.477,0.43,0.071
1.013,0.477,0.118,0.615
1.013,0.477,0.039,0.484
1.013,0.477,1.226,0.726
1.013,0.477,1.291,0.249
1.013,0.477,0.97,0.344
1.013,0.477,1.526,0.603
1.013,0.477,1.098,0.156
1.013,0.477,1.514,0.171
1.013,0.477,1.453,0.866
1.013,0.477,0.64,0.611
1.013,0.477,0.555,0.723
1.013,0.477,1.743,0.842
1.013,0.477,1.05,0.203
1.013,0.477,0.149,0.597
1.013,0.477,1.714,0.81
1.013,0.477,1.31,0.126
1.013,0.477,0.207,0.46
1.013,0.477,0.248,0.003
1.013,0.477,1.287,0.375
1.013,0.477,1.417,0.177
1.013,0.477,0.948,0.425
1.013,0.477,1.738,0.733
1.013,0.477,1.01,0.134
1.013,0.477,1.145,0.479
1.013,0.477,0.202,0.116
1.013,0.477,1.681,0.259
1.013,0.477,0.932,0.532
1.013,0.477,1.825,0.043
1.013,0.477,1.127,0.072
1.013,0.477,1.25,0.666
1.013,0.477,0.913,0.302
1.013,0.477,0.323,0.498
1.013,0.477,0.68,0.219
1.013,0.477,1.177,0.535
1.013,0.477,1.429,0.134
1.013,0.477,0.564,0.037
1.013,0.477,0.593,0.346
1.013,0.477,0.504,0.291
1.013,0.477,1.059,0.327
1.013,0.477,0.737,0.814
1.013,0.477,1.599,0.355
1.013,0.477,1.212,0.084
1.013,0.477,1.394,0.457
1.013,0.477,1.239,0.563
1.013,0.477,1.763,0.064
1.013,0.477,0.429,0.114
1.013,0.477,1.877,0.839
1.013,0.477,0.265,0.818
1.013,0.477,1.894,0.784
1.013,0.477,0.191,0.726
1.013,0.477,1.471,0.177
1.013,0.477,0.453,0.173
1.013,0.477,0.577,0.877
1.013,0.477,0.142,0.702
1.013,0.477,0.906,0.83
1.013,0.477,0.506,0.091
1.013,0.477,1.892,0.316
1.013,0.477,0.709,0.105
1.013,0.477,0.319,0.242
1.013,0.477,0.163,0.357
1.013,0.477,0.375,0.711
1.013,0.477,1.612,0.321
1.013,0.477,0.307,0.037
1.013,0.477,0.115,0.53
1.013,0.477,1.263,0.221
1.013,0.477,0.026,0.702
1.013,0.477,0.444,0.483
1.013,0.477,1.893,0.833
1.013,0.477,0.657,0.25
1.013,0.477,0.16,0.846
1.013,0.477,1.097,0.716
1.013,0.477,0.482,0.503
1.013,0.477,0.833,0.901
1.013,0.477,0.016,0.73
1.013,0.477,0.718,0.384
1.013,0.477,1.48,0.065
1.013,0.477,1.091,0.315
1.013,0.477,1.67,0.45
1.013,0.477,0.002,0.345
1.013,0.477,0.985,0.808
1.013,0.477,0.176,0.687
1.013,0.477,1.233,0.386
1.013,0.477,0.874,0.791
1.013,0.477,0.266,0.2
1.013,0.477,0.837,0.147
1.013,0.477,1.567,0.544
1.013,0.477,0.67,0.777
1.013,0.477,0.837,0.131
1.013,0.477,0.224,0.518
1.013,0.477,0.984,0.234
1.013,0.477,0.559,0.412
1.013,0.477,1.87,0.1
1.013,0.477,1.89,0.438
1.013,0.477,1.911,0.905
1.013,0.477,1.155,0.111
1.013,0.477,1.618,0.158
1.013,0.477,0.28,0.712
1.013,0.477,0.19,0.49
1.013,0.477,0.447,0.274
1.013,0.477,1.891,0.149
1.013,0.477,1.971,0.688
1.013,0.477,0.516,0.361
1.013,0.477,1.357,0.527
1.013,0.477,0.199,0.126
1.013,0.477,0.392,0.459
1.013,0.477,0.886,0.108
1.013,0.477,1.058,0.234
1.013,0.477,1.931,0.23
1.013,0.477,1.313,0.718
1.013,0.477,1.012,0.287
1.013,0.477,1.678,0.562
1.013,0.477,0.863,0.404
1.013,0.477,0.941,0.644
1.013,0.477,1.686,0.941
1.013,0.477,1.084,0.307
1.013,0.477,0.151,0.932
1.013,0.477,1.98,0.051
1.013,0.477,1.664,0.82
1.013,0.477,1.724,0.393
1.013,0.477,0.071,0.65
1.013,0.477,0.578,0.083
1.013,0.477,0.97,0.517
1.013,0.477,1.421,0.218
1.013,0.477,0.142,0.651
1.013,0.477,1.415,0.473
1.013,0.477,0.552,0.556
1.013,0.477,0.436,0.564
1.013,0.477,0.843,0.6
1.013,0.477,1.86,0.949
1.013,0.477,1.726,0.788
1.013,0.477,1.527,0.909
1.013,0.477,1.571,0.946
1.013,0.477,1.855,0.036
1.013,0.477,1.579,0.579
1.013,0.477,1.475,0.61
1.013,0.477,1.67,0.292
1.013,0.477,0.77,0.784
1.013,0.477,1.128,0.636
1.013,0.477,1.814,0.08
1.013,0.477,0.298,0.404
1.013,0.477,1.092,0.256
1.013,0.477,0.01,0.039
1.013,0.477,0.334,0.823
1.013,0.477,1.221,0.265
1.013,0.477,0.675,0.362
1.013,0.477,1.641,0.27
1.013,0.477,0.578,0.331
1.013,0.477,1.599,0.265
1.013,0.477,1.461,0.927
1.013,0.477,1.504,0.396
1.013,0.477,1.641,0.534
1.013,0.477,1.659,0.831
1.013,0.477,1.051,0.067
1.013,0.477,1.997,0.58
1.013,0.477,0.375,0.399
1.013,0.477,0.875,0.117
1.013,0.477,0.096,0.781
1.013,0.477,1.351,0.678
1.013,0.477,1.906,0.425
1.013,0.477,1.357,0.796
1.013,0.477,1.019,0.17
1.013,0.477,1.709,0.267
1.013,0.477,0.661,0.602
1.013,0.477,1.184,0.77
1.013,0.477,0.575,0.738
1.013,0.477,1.031,0.056
1.013,0.477,1.973,0.67
1.013,0.477,0.932,0.814
1.013,0.477,0.483,0.806
1.013,0.477,0.828,0.314
1.013,0.477,0.826,0.19
1.013,0.477,0.031,0.793
1.013,0.477,1.551,0.361
1.013,0.477,0.48,0.266
1.013,0.477,0.775,0.423
1.013,0.477,0.075,0.248
1.013,0.477,0.912,0.594
1.013,0.477,1.558,0.056
1.013,0.477,1.473,0.537
1.013,0.477,1.508,0.19
1.013,0.477,0.894,0.652
1.013,0.477,1.218,0.211
1.013,0.477,1.633,0.31
1.013,0.477,0.061,0.927
1.013,0.477,1.14,0.653
1.013,0.477,1.242,0.456
1.013,0.477,1.989,0.79
1.013,0.477,1.568,0.384
1.013,0.477,0.618,0.681
1.013,0.477,1.332,0.948
1.013,0.477,0.277,0.545
1.013,0.477,1.511,0.568
1.013,0.477,0.354,0.48
1.013,0.477,0.393,0.851
1.013,0.477,1.928,0.686
1.013,0.477,1.075,0.068
1.013,0.477,1.999,0.497
1.013,0.477,1.113,0.005
1.013,0.477,1.434,0.446
1.013,0.477,0.401,0.824
1.013,0.477,1.592,0.82
1.013,0.477,0.895,0.455
1.013,0.477,0.975,0.359
1.013,0.477,1.604,0.892
1.013,0.477,1.946,0.388
1.013,0.477,0.924,0.165
1.013,0.477,0.663,0.493
1.013,0.477,1.768,0.373
1.013,0.477,0.379,0.195
1.013,0.477,1.86,0.054
1.013,0.477,1.681,0.593
1.013,0.477,1.618,0.895
1.013,0.477,0.743,0.057
1.013,0.477,1.061,0.856
1.013,0.477,1.598,0.767
1.013,0.477,0.736,0.432
1.013,0.477,1.325,0.079
1.013,0.477,1.996,0.586
1.013,0.477,1.794,0.445
1.013,0.477,1.454,0.162
1.013,0.477,0.384,0.307
1.013,0.477,0.889,0.428
1.013,0.477,1.42,0.156
1.013,0.477,1.881,0.679
1.013,0.477,0.523,0.456
1.013,0.477,1.705,0.581
1.013,0.477,1.137,0.084
1.013,0.477,0.302,0.855
1.013,0.477,1.635,0.616
1.013,0.477,1.017,0.808
1.013,0.477,1.453,0.372
1.013,0.477,1.929,0.818
1.013,0.477,0.203,0.463
1.013,0.477,0.262,0.874
1.013,0.477,0.949,0.079
1.013,0.477,0.199,0.524
1.013,0.477,1.101,0.801
1.013,0.477,1.626,0.82
1.013,0.477,0.84,0.381
1.013,0.477,1.624,0.411
1.013,0.477,1.285,0.331
1.013,0.477,0.229,0.51
1.013,0.477,1.784,0.809
1.013,0.477,0.727,0.484
1.013,0.477,1.354,0.862
1.013,0.477,0.071,0.606
1.013,0.477,1.429,0.905
1.013,0.477,1.065,0.402
1.013,0.477,1.95,0.488
1.013,0.477,1.323,0.053
1.013,0.477,1.554,0.783
1.013,0.477,1.792,0.207
1.013,0.477,0.809,0.344
1.013,0.477,1.241,0.655
1.013,0.477,0.23,0.4
1.013,0.477,1.58,0.592
1.013,0.477,0.805,0.84
1.013,0.477,0.696,0.209
1.013,0.477,0.404,0.545
1.013,0.477,0.969,0.904
1.013,0.477,0.466,0.371
1.013,0.477,0.358,0.435
1.013,0.477,0.697,0.903
1.013,0.477,1.208,0.563
1.013,0.477,1.354,0.659
1.013,0.477,1.121,0.831
1.013,0.477,1.537,0.435
1.013,0.477,1.511,0.024
1.013,0.477,0.919,0.454
1.013,0.477,1.102,0.768
1.013,0.477,1.371,0.681
1.013,0.477,1.779,0.075
1.013,0.477,1.816,0.02
1.013,0.477,0.561,0.166
1.013,0.477,1.641,0.867
1.013,0.477,1.682,0.033
1.013,0.477,0.219,0.453
1.013,0.477,1.312,0.369
1.013,0.477,0.552,0.529
1.013,0.477,1.315,0.061
1.013,0.477,1.881,0.802
1.013,0.477,0.297,0.441
1.013,0.477,1.776,0.179
1.013,0.477,1.139,0.812
1.013,0.477,1.586,0.87
1.013,0.477,0.677,0.757
1.013,0.477,1.969,0.239
1.013,0.477,1.833,0.326
1.013,0.477,1.931,0.86
1.013,0.477,1.109,0.081
1.013,0.477,1.832,0.591
1.013,0.477,1.63,0.347
1.013,0.477,0.641,0.589
1.013,0.477,0.13,0.144
1.013,0.477,0.725,0.659
1.013,0.477,1.74,0.613
1.013,0.477,0.464,0.063
1.013,0.477,1.877,0.746
1.013,0.477,0.161,0.361
1.013,0.477,1.887,0.35
1.013,0.477,0.049,0.315
1.013,0.477,1.712,0.572
1.013,0.477,1.319,0.859
1.013,0.477,1.915,0.835
1.013,0.477,1.357,0.085
1.013,0.477,1.601,0.678
1.013,0.477,0.501,0.891
1.013,0.477,1.312,0.485
1.013,0.477,0.549,0.518
1.013,0.477,1.686,0.569
1.013,0.477,0.912,0.587
1.013,0.477,1.952,0.697
1.013,0.477,1.846,0.746
1.013,0.477,1.112,0.238
1.013,0.477,1.754,0.422
1.013,0.477,1.057,0.724
1.013,0.477,0.064,0.547
1.013,0.477,1.057,0.015
1.013,0.477,0.509,0.742
1.013,0.477,0.16,0.117
1.013,0.477,1.108,0.89
1.013,0.477,0.346,0.552
1.013,0.477,0.019,0.072
1.013,0.477,1.16,0.369
1.013,0.477,1.344,0.167
1.013,0.477,0.499,0.491
1.013,0.477,0.993,0.468
1.013,0.477,0.086,0.485
1.013,0.477,1.874,0.044
1.013,0.477,0.717,0.572
1.013,0.477,0.65,0.731
1.013,0.477,0.117,0.336
1.013,0.477,0.864,0.603
1.013,0.477,1.792,0.597
1.013,0.477,1.003,0.84
1.013,0.477,1.518,0.141
1.013,0.477,1.279,0.608
1.013,0.477,0.218,0.123
1.013,0.477,1.73,0.771
1.013,0.477,0.122,0.268
1.013,0.477,1.593,0.191
1.013,0.477,0.496,0.675
1.013,0.477,1.445,0.714
1.013,0.477,0.689,0.296
1.013,0.477,1.001,0.747
1.013,0.477,1.469,0.225
1.013,0.477,0.567,0.875
1.013,0.477,1.005,0.765
1.013,0.477,0.173,0.221
1.013,0.477,1.416,0.736
1.013,0.477,0.09,0.474
1.013,0.477,0.314,0.056
1.013,0.477,1.429,0.227
1.013,0.477,1.652,0.396
1.013,0.477,1.966,0.164
1.013,0.477,1.607,0.322
1.013,0.477,1.206,0.824
1.013,0.477,1.073,0.599
1.013,0.477,1.702,0.159
1.013,0.477,0.601,0.322
1.013,0.477,0.023,0.881
1.013,0.477,1.816,0.585
1.013,0.477,0.631,0.429
1.013,0.477,1.31,0.346
1.013,0.477,0.149,0.31
1.013,0.477,0.182,0.479
1.013,0.477,0.111,0.84
1.013,0.477,1.321,0.458
1.013,0.477,1.977,0.574
1.013,0.477,1.518,0.814
1.013,0.477,0.371,0.685
1.013,0.477,0.08,0.585
1.013,0.477,0.044,0.026
1.013,0.477,0.027,0.318
1.013,0.477,1.913,0.238
1.013,0.477,1.472,0.102
1.013,0.477,1.795,0.583
1.013,0.477,0.566,0.666
1.013,0.477,0.615,0.111
1.013,0.477,1.526,0.191
1.013,0.477,0.706,0.851
1.013,0.477,0.901,0.019
1.013,0.477,0.366,0.382
1.013,0.477,0.488,0.448
1.013,0.477,1.658,0.153
